206800670,AC-AZ002BN
206800669,AC-AZ002
206800677,AC-AZ006
206800678,AC-AZ006BN
206800671,AC-AZ003
206800672,AC-AZ003BN
206800673,AC-AZ004
206800674,AC-AZ004BN
206800684,AC-AZ008BN
206800683,AC-AZ008
206800656,AC-AZ000BN
206800655,AC-AZ000
206800668,AC-AZ001BN
206800657,AC-AZ001
206800679,AC-AZ007
206800680,AC-AZ007BN
206800685,AC-AZ010
206800686,AC-AZ010BN
206800675,AC-AZ005
206800676,AC-AZ005BN
206800681,AC-AZ009
206800682,AC-AZ009BN
206730264,FT-AZ082
206730300,FT-AZ511
206660324,FT-AZ521
206660323,FT-AZ217
206660326,FT-AZ003
206730306,FT-AZ010
206730305,FT-AZ013
206660325,FT-AZ009
206730304,FT-AZ011
206730303,FT-AZ014
206730302,FT-AZ012
206730301,FT-AZ507
206730263,FT-AZ084
206730262,FT-AZ068
206730265,FT-AZ300
206730267,FT-AZ218
206730266,FT-AZ400
206730269,FT-AZ523
206730268,FT-AZ520
206730290,FT-AZ008
206730292,FT-AZ505
206730291,FT-AZ501
206730297,FT-AZ510
206730298,FT-AZ509
206730299,FT-AZ504
206662885,FT-AZ522
206662884,FT-AZ512
206730293,FT-AZ503
206730294,FT-AZ502
206730295,FT-AZ506
206730296,FT-AZ508
206730288,FT-AZ007
206730289,FT-AZ002
206730286,FT-AZ004
206730287,FT-AZ006
206730285,FT-AZ005
206843808,FT-AZ523-PU
206843807,FT-AZ523-BK
206843809,FT-AZ523-RD
206843805,FT-AZ523-GR
206843806,FT-AZ523-BL
206843803,FT-AZ522-PU
206843804,FT-AZ522-RD
206843801,FT-AZ522-BL
206843802,FT-AZ522-OR
206843800,FT-AZ522-GR
206843789,FT-AZ220
206843788,FT-AZ219
206843790,FT-AZ520-GR
206843796,FT-AZ521-BL
206843795,FT-AZ521-GR
206843798,FT-AZ521-BK
206843797,FT-AZ521-OR
206843792,FT-AZ520-BK
206843791,FT-AZ520-OR
206843794,FT-AZ520-RD
206843793,FT-AZ520-PU
206843799,FT-AZ521-PU
206660340,FS-AZ0028CH
206730284,FS-AZ0027CH
206660327,FS-AZ0025CH
206660339,FS-AZ0029CH
206660338,FS-AZ0026CH
206786257,KF-AZ032
206786268,KF-AZ032BN
206786269,KF-AZ032ORB
206786281,KF-AZ042
206786282,KF-AZ130
206786280,KF-AZ041
206786283,KF-AZ044
206786279,KF-AZ040
206786278,KF-AZ095
206786277,KF-AZ102
206786270,KF-AZ034
206786271,KF-AZ034BN
206786273,KF-AZ035BN
206786272,KF-AZ035
206786274,KF-AZ035ORB
206786254,KF-AZ031
206786255,KF-AZ031BN
206786256,KF-AZ031ORB
206786276,KF-AZ037
206786275,KF-AZ108
206786196,L-AZ014
206786145,L-AZ003ORB
206786203,L-AZ018
206786178,L-AZ006
206786197,L-AZ014BN
206786198,L-AZ014ORB
206786180,L-AZ006ORB
206786144,L-AZ003BN
206786143,L-AZ003
206786179,L-AZ006BN
206786222,KF-AZ151
206786223,L-AZ033
206786199,L-AZ015
206786181,L-AZ007
206786147,L-AZ004BN
206786146,L-AZ004
206786182,L-AZ007BN
206786200,L-AZ015BN
206786201,L-AZ015ORB
206786212,L-AZ024BN
206786211,L-AZ024
206786183,L-AZ007ORB
206786229,L-AZ039
206786227,L-AZ037
206786228,KF-AZ127
206786225,L-AZ035
206786226,L-AZ074
206786224,L-AZ082
206786230,L-AZ040
206786231,L-AZ041
206786213,L-AZ030
206786215,L-AZ030ORB
206786214,L-AZ030BN
206786221,L-AZ097BN
206786220,L-AZ097
206786219,L-AZ096BN
206786218,L-AZ096
206786217,L-AZ095BN
206786216,L-AZ095
206786189,L-AZ011ORB
206786208,L-AZ021BN
206786204,L-AZ019
206786195,L-AZ013ORB
206786194,L-AZ013BN
206786193,L-AZ013
206786192,L-AZ012ORB
206786191,L-AZ012BN
206786190,L-AZ012
206786188,L-AZ011BN
206786184,L-AZ009
206786185,L-AZ009BN
206786186,L-AZ009ORB
206786187,L-AZ011
206786207,L-AZ021
206786206,L-AZ019ORB
206786205,L-AZ019BN
206786202,L-AZ017
206786209,L-AZ022
206786210,L-AZ023
206730282,FR-AZ975
206730279,FR-AZ273
206730274,FR-AZ473
206730281,FR-AZ573
206730273,FR-AZ376
206730280,FR-AZ275
206730272,FR-AZ375
206730271,FR-AZ074
206730278,FR-AZ174
206730277,FR-AZ801
206730276,FR-AZ274
206730275,FR-AZ574
206730270,FR-AZ073
206730283,FR-AZ810
206730261,SP-AZ015
206730260,SP-AZ013
206660343,SP-AZ018
206660344,SP-AZ021
206660341,SP-AZ022
206660342,SP-AZ016
206730259,SP-AZ012
206786303,SH-AZ042
206786304,SH-AZ030
206786302,SH-AZ041
206786301,SH-AZ040
206786300,SH-AZ039
206786295,SH-AZ034
206786294,SH-AZ033
206786296,SH-AZ035
206786299,SH-AZ038
206786298,SH-AZ037
206786293,SH-AZ032
206786297,SH-AZ036
206897805,L-AZ026BN
206897804,L-AZ026
206786305,SH-AZ013
206730311,K-AZ2318-1A
206666570,K-AZ3320-1A
206730317,K-AZ3620-1A
206730313,K-AZ3219-1A
206730312,K-AZ3018-1A
206730316,K-AZ3220-3B
206730319,K-AZ3620-3A
206730318,K-AZ3320-4A
206730315,K-AZ3218-2B
206730314,K-AZ3219-2A
206730330,LS-AZ087
206730360,LS-AZ065
206730325,LS-AZ027
206730356,LS-AZ061
206730350,LS-AZ055
206730327,LS-AZ080
206730351,LS-AZ056
206730333,LS-AZ030
206730328,LS-AZ081
206730354,LS-AZ059
206730355,LS-AZ060
206730352,LS-AZ057
206730353,LS-AZ058
206730358,LS-AZ063
206730359,LS-AZ064
206730338,LS-AZ043
206730339,LS-AZ044
206730336,LS-AZ041
206730337,LS-AZ042
206730334,LS-AZ029
206730335,LS-AZ040
206730326,LS-AZ079
206730332,LS-AZ086
206730340,LS-AZ045
206730331,LS-AZ085
206730341,LS-AZ046
206730342,LS-AZ047
206730343,LS-AZ048
206730344,LS-AZ049
206730320,LS-AZ074
206730345,LS-AZ050
206730346,LS-AZ051
206730321,LS-AZ075
206730322,LS-AZ076
206730347,LS-AZ052
206730348,LS-AZ053
206730329,LS-AZ083
206730349,LS-AZ054
206730323,LS-AZ077
206730324,LS-AZ078
206952115,FT002-0025
206952112,FT007-0026
206952113,FT002-0028
206952118,FT004-0028
206952119,FT004-0027
206952116,FT002-0029
206952117,FT002-0026
206951958,FT511-0026
206951957,FT511-0029
206951956,FT511-0025
206951955,FT511-0027
206951954,FT511-0028
206951961,FT521-0025
206951967,FT217-0029
206951966,FT217-0025
206951969,FT003-0028
206951968,FT217-0026
206951963,FT521-0026
206951962,FT521-0029
206951965,FT217-0027
206951964,FT217-0028
206951959,FT521-0028
206951972,FT003-0029
206951971,FT003-0025
206951970,FT003-0027
206951976,FT010-0025
206951975,FT010-0027
206951974,FT010-0028
206951973,FT003-0026
206951979,FT013-0028
206951978,FT010-0026
206951977,FT010-0029
206951981,FT013-0025
206951980,FT013-0027
206951983,FT013-0026
206951982,FT013-0029
206951984,FT009-0028
206951987,FT009-0025
206951986,FT009-0027
206951989,FT009-0026
206951988,FT009-0029
206952241,FT520PU-0029
206952240,FT520PU-0025
206952242,FT520PU-0026
206952208,FT521GR-0028
206952209,FT521GR-0027
206952204,FT521BL-0027
206952205,FT521BL-0025
206952206,FT521BL-0029
206952207,FT521BL-0026
206952200,FT520GR-0025
206952201,FT520GR-0029
206952202,FT520GR-0026
206952203,FT521BL-0028
206952219,FT521OR-0027
206952217,FT521BK-0026
206952218,FT521OR-0028
206952215,FT521BK-0025
206952216,FT521BK-0029
206952213,FT521BK-0028
206952214,FT521BK-0027
206952211,FT521GR-0029
206952212,FT521GR-0026
206952210,FT521GR-0025
206952226,FT520BK-0029
206952227,FT520BK-0026
206952228,FT520OR-0028
206952229,FT520OR-0027
206952220,FT521OR-0025
206952221,FT521OR-0029
206952222,FT521OR-0026
206952223,FT520BK-0028
206952224,FT520BK-0027
206952225,FT520BK-0025
206952239,FT520PU-0027
206952237,FT520RD-0026
206952238,FT520PU-0028
206952231,FT520OR-0029
206952232,FT520OR-0026
206952230,FT520OR-0025
206952235,FT520RD-0025
206952233,FT520RD-0028
206952234,FT520RD-0027
206952149,FT082-0027
206952148,FT082-0028
206952152,FT082-0026
206952150,FT082-0025
206952151,FT082-0029
206951549,LSAZ048-097
206951510,LSAZ087-096B
206951793,LSAZ059-022
206951615,LSAZ048-041
206951727,LSAZ027-097
206951517,LSAZ059-096B
206951715,LSAZ048-097B
206951744,LSAZ059-097
206951487,LSAZ059-096
206951480,LSAZ027-095B
206951730,LSAZ086-097
206951594,LSAZ086-095
206951597,LSAZ027-095
206951599,LSAZ059-095
206951638,LSAZ048-095
206951649,LSAZ087-040
206951668,LSAZ087-096
206951677,LSAZ086-096
206951519,LSAZ086-096B
206951521,LSAZ048-096B
206951680,LSAZ027-096
206951685,LSAZ048-096
206951506,LSAZ027-096B
206951691,LSAZ087-097B
206951582,LSAZ086-041
206951580,LSAZ059-041
206951566,LSAZ059-097B
206951562,LSAZ086-097B
206951563,LSAZ027-097B
206951430,LSAZ027-040
206951431,LSAZ059-040
206951434,LSAZ086-040
206951533,LSAZ087-097
206951456,LSAZ048-095B
206951466,LSAZ086-095B
206951464,LSAZ059-095B
206951960,FT521-0027
206952016,FT068-0028
206952017,FT068-0027
206952018,FT068-0025
206952019,FT068-0029
206952020,FT068-0026
206952236,FT520RD-0029
206952244,FT521PU-0028
206952245,FT521PU-0027
206952246,FT521PU-0025
206952247,FT521PU-0029
206952248,FT521PU-0026
206951478,LSAZ066-095
206951484,LSAZ087-095B
206951621,LSAZ087-095
206951669,LSAZ066-095B
206951756,LSAZ087-041
206951759,LSAZ027-041
206951764,LSAZ087-022
206951773,LSAZ027-022
206951777,LSAZ086-022
206951800,LSAZ048-040
206951815,LSAZ048-022
206730361,LS-AZ066
206730308,LS-AZ602
206730307,LS-AZ607
206730310,LS-AZ608
206730309,LS-AZ606a
206730254,TW-AZ018-BN
206730253,TW-AZ018-CH
206730256,TW-AZ026-BN
206730255,TW-AZ026-CH
206730258,TW-AZ027-BN
206730257,TW-AZ027-CH
206730237,TW-AZ012CH
206730252,TW-AZ025BN
206730251,TW-AZ025CH
206730250,TW-AZ023BN
206730249,TW-AZ023CH
206730248,TW-AZ012BN
207192806,FT-AZ419
207192807,FT-AZ902a
207192819,FT-AZ302
207192818,FT-AZ902b
207208422,FS-AZ0028BN
207208424,FS-AZ0027BN
207208426,FS-AZ0025BN
207208427,FS-AZ0029BN
207208429,FS-AZ0026BN
300136630,LS-AZ136
300136631,LS-AZ138
300136632,LS-AZ227
300136633,LS-AZ152
300136634,LS-AZ175
300136635,LS-AZ204
300136636,LS-AZ149
300136638,LS-AZ224
300136639,LS-AZ151
300136640,LS-AZ225
300136641,LS-AZ147
300136642,LS-AZ148
300136643,LS-AZ140
300136644,LS-AZ159
300136645,LS-AZ144
300136646,LS-AZ160
300235002,FT-AZ104
300235003,FT-AZ105
300235004,FT-AZ106
207208351,K-AZ3320-4C
207208352,K-AZ3620-4C
206951648,LSAZ602-040
206951762,LSAZ602-041
206951697,LSAZ602-097B
206951728,LSAZ602-097
206951765,LSAZ602-022
206951503,LSAZ602-096B
206951667,LSAZ602-096
206951483,LSAZ602-095B
206951620,LSAZ602-095
206951647,LSAZ607-040
206951761,LSAZ607-041
206951696,LSAZ607-097B
206951729,LSAZ607-097
206951775,LSAZ607-022
206951509,LSAZ607-096B
206951674,LSAZ607-096
206951476,LSAZ607-095B
206951619,LSAZ607-095
206951646,LSAZ608-040
206951754,LSAZ608-041
206951695,LSAZ608-097B
206951735,LSAZ608-097
206951774,LSAZ608-022
206951508,LSAZ608-096B
206951675,LSAZ608-096
206951482,LSAZ608-095B
206951590,LSAZ608-095
206951429,LSAZ065-040
206951760,LSAZ065-041
206951694,LSAZ065-097B
206951734,LSAZ065-097
206951763,LSAZ065-022
206951507,LSAZ065-096B
206951681,LSAZ065-096
206951481,LSAZ065-095B
206951591,LSAZ065-095
206951435,LSAZ606-040
206951757,LSAZ606-041
206951570,LSAZ606-097B
206951732,LSAZ606-097
206951767,LSAZ606-022
206951514,LSAZ606-096B
206951679,LSAZ606-096
206951459,LSAZ606-095B
206951589,LSAZ606-095
206951428,LSAZ055-040
206951581,LSAZ055-041
206951569,LSAZ055-097B
206951731,LSAZ055-097
206951766,LSAZ055-022
206951520,LSAZ055-096B
206951678,LSAZ055-096
206951460,LSAZ055-095B
206951595,LSAZ055-095
206951433,LSAZ056-040
206951588,LSAZ056-041
206951568,LSAZ056-097B
206951737,LSAZ056-097
206951788,LSAZ056-022
206951512,LSAZ056-096B
206951676,LSAZ056-096
206951465,LSAZ056-095B
206951593,LSAZ056-095
206951432,LSAZ085-040
206951587,LSAZ085-041
206951567,LSAZ085-097B
206951738,LSAZ085-097
206951794,LSAZ085-022
206951518,LSAZ085-096B
206951486,LSAZ085-096
206951458,LSAZ085-095B
206951592,LSAZ085-095
206951626,LSAZ060-040
206951586,LSAZ060-041
206951565,LSAZ060-097B
206951743,LSAZ060-097
206951776,LSAZ060-022
206951516,LSAZ060-096B
206951493,LSAZ060-096
206951463,LSAZ060-095B
206951600,LSAZ060-095
206951627,LSAZ057-040
206951585,LSAZ057-041
206951701,LSAZ057-097B
206951736,LSAZ057-097
206951792,LSAZ057-022
206951515,LSAZ057-096B
206951492,LSAZ057-096
206951462,LSAZ057-095B
206951606,LSAZ057-095
206951633,LSAZ058-040
206951584,LSAZ058-041
206951702,LSAZ058-097B
206951742,LSAZ058-097
206951791,LSAZ058-022
206951719,LSAZ058-096B
206951485,LSAZ058-096
206951461,LSAZ058-095B
206951605,LSAZ058-095
206951632,LSAZ064-040
206951583,LSAZ064-041
206951708,LSAZ064-097B
206951741,LSAZ064-097
206951790,LSAZ064-022
206951720,LSAZ064-096B
206951491,LSAZ064-096
206951438,LSAZ064-095B
206951598,LSAZ064-095
206951625,LSAZ043-040
206951746,LSAZ043-041
206951707,LSAZ043-097B
206951740,LSAZ043-097
206951789,LSAZ043-022
206951726,LSAZ043-096B
206951490,LSAZ043-096
206951439,LSAZ043-095B
206951604,LSAZ043-095
206951631,LSAZ044-040
206951747,LSAZ044-041
206951700,LSAZ044-097B
206951739,LSAZ044-097
206951805,LSAZ044-022
206951725,LSAZ044-096B
206951489,LSAZ044-096
206951447,LSAZ044-095B
206951603,LSAZ044-095
206951630,LSAZ042-040
206951753,LSAZ042-041
206951706,LSAZ042-097B
206951540,LSAZ042-097
206951806,LSAZ042-022
206951718,LSAZ042-096B
206951488,LSAZ042-096
206951446,LSAZ042-095B
206951602,LSAZ042-095
206951629,LSAZ029-040
206951752,LSAZ029-041
206951705,LSAZ029-097B
206951541,LSAZ029-097
206951812,LSAZ029-022
206951724,LSAZ029-096B
206951683,LSAZ029-096
206951437,LSAZ029-095B
206951601,LSAZ029-095
206951628,LSAZ040-040
206951745,LSAZ040-041
206951704,LSAZ040-097B
206951547,LSAZ040-097
206951811,LSAZ040-022
206951723,LSAZ040-096B
206951684,LSAZ040-096
206951445,LSAZ040-095B
206951635,LSAZ040-095
206951796,LSAZ074-040
206951751,LSAZ074-041
206951703,LSAZ074-097B
206951546,LSAZ074-097
206951804,LSAZ074-022
206951722,LSAZ074-096B
206951690,LSAZ074-096
206951444,LSAZ074-095B
206951636,LSAZ074-095
206951797,LSAZ075-040
206951750,LSAZ075-041
206951710,LSAZ075-097B
206951539,LSAZ075-097
206951810,LSAZ075-022
206951721,LSAZ075-096B
206951689,LSAZ075-096
206951443,LSAZ075-095B
206951642,LSAZ075-095
206951803,LSAZ045-040
206951749,LSAZ045-041
206951711,LSAZ045-097B
206951545,LSAZ045-097
206951809,LSAZ045-022
206951522,LSAZ045-096B
206951682,LSAZ045-096
206951440,LSAZ045-095B
206951641,LSAZ045-095
206951802,LSAZ076-040
206951748,LSAZ076-041
206951717,LSAZ076-097B
206951544,LSAZ076-097
206951808,LSAZ076-022
206951523,LSAZ076-096B
206951688,LSAZ076-096
206951449,LSAZ076-095B
206951634,LSAZ076-095
206951795,LSAZ046-040
206951608,LSAZ046-041
206951716,LSAZ046-097B
206951543,LSAZ046-097
206951807,LSAZ046-022
206951529,LSAZ046-096B
206951687,LSAZ046-096
206951450,LSAZ046-095B
206951640,LSAZ046-095
206951801,LSAZ047-040
206951609,LSAZ047-041
206951709,LSAZ047-097B
206951542,LSAZ047-097
206951814,LSAZ047-022
206951528,LSAZ047-096B
206951686,LSAZ047-096
206951457,LSAZ047-095B
206951639,LSAZ047-095
206951799,LSAZ080-040
206951614,LSAZ080-041
206951714,LSAZ080-097B
206951550,LSAZ080-097
206951821,LSAZ080-022
206951527,LSAZ080-096B
206951495,LSAZ080-096
206951448,LSAZ080-095B
206951637,LSAZ080-095
206951798,LSAZ050-040
206951607,LSAZ050-041
206951713,LSAZ050-097B
206951561,LSAZ050-097
206951820,LSAZ050-022
206951526,LSAZ050-096B
206951496,LSAZ050-096
206951455,LSAZ050-095B
206951468,LSAZ050-095
206951572,LSAZ051-040
206951613,LSAZ051-041
206951712,LSAZ051-097B
206951560,LSAZ051-097
206951813,LSAZ051-022
206951525,LSAZ051-096B
206951502,LSAZ051-096
206951454,LSAZ051-095B
206951469,LSAZ051-095
206951573,LSAZ081-040
206951612,LSAZ081-041
206951653,LSAZ081-097B
206951548,LSAZ081-097
206951819,LSAZ081-022
206951524,LSAZ081-096B
206951501,LSAZ081-096
206951452,LSAZ081-095B
206951475,LSAZ081-095
206951579,LSAZ083-040
206951611,LSAZ083-041
206951659,LSAZ083-097B
206951559,LSAZ083-097
206951818,LSAZ083-022
206951531,LSAZ083-096B
206951494,LSAZ083-096
206951451,LSAZ083-095B
206951474,LSAZ083-095
206951578,LSAZ052-040
206951610,LSAZ052-041
206951663,LSAZ052-097B
206951558,LSAZ052-097
206951817,LSAZ052-022
206951532,LSAZ052-096B
206951500,LSAZ052-096
206951665,LSAZ052-095B
206951467,LSAZ052-095
206951571,LSAZ053-040
206951617,LSAZ053-041
206951662,LSAZ053-097B
206951557,LSAZ053-097
206951816,LSAZ053-022
206951538,LSAZ053-096B
206951499,LSAZ053-096
206951666,LSAZ053-095B
206951473,LSAZ053-095
206951577,LSAZ077-040
206951618,LSAZ077-041
206951652,LSAZ077-097B
206951551,LSAZ077-097
206951644,LSAZ077-022
206951537,LSAZ077-096B
206951498,LSAZ077-096
206951672,LSAZ077-095B
206951472,LSAZ077-095
206951576,LSAZ054-040
206951624,LSAZ054-041
206951661,LSAZ054-097B
206951692,LSAZ054-097
206951645,LSAZ054-022
206951530,LSAZ054-096B
206951497,LSAZ054-096
206951671,LSAZ054-095B
206951471,LSAZ054-095
206951575,LSAZ078-040
206951623,LSAZ078-041
206951660,LSAZ078-097B
206951693,LSAZ078-097
206951651,LSAZ078-022
206951536,LSAZ078-096B
206951504,LSAZ078-096
206951664,LSAZ078-095B
206951470,LSAZ078-095
206951574,LSAZ079-040
206951616,LSAZ079-041
206951823,LSAZ079-097B
206951699,LSAZ079-097
206951650,LSAZ079-022
206951535,LSAZ079-096B
206951505,LSAZ079-096
206951670,LSAZ079-095B
206951477,LSAZ079-095
206951755,LSAZ066-040
206951622,LSAZ066-041
206951822,LSAZ066-097B
206951698,LSAZ066-097
206951643,LSAZ066-022
206951534,LSAZ066-096B
206951511,LSAZ066-096
206946844,KAZ2318-040
206946846,KAZ2318-095
206946847,KAZ2318-042
206946848,KAZ2318-130
206946849,KAZ2318-041
206946850,KAZ2318-044
206946851,KAZ2318-031
206946853,KAZ2318-031B
206946854,KAZ2318-031O
206946855,KAZ2318-102
206946856,KAZ2318-034
206946857,KAZ2318-034B
206946858,KAZ2318-032B
206946860,KAZ2318-037
206946861,KAZ2318-035B
206946862,KAZ2318-035
206946863,KAZ2318-108
206946866,KAZ2318-035O
206946867,KAZ2318-032
206946868,KAZ2318-032O
206946871,KAZ3219-040
206946872,KAZ3219-095
206946873,KAZ3219-042
206946874,KAZ3219-130
206946876,KAZ3219-041
206946877,KAZ3219-044
206946878,KAZ3219-031
206946879,KAZ3219-031B
206946880,KAZ3219-031O
206946881,KAZ3219-102
206946882,KAZ3219-034
206946883,KAZ3219-034B
206946885,KAZ3219-032B
206946886,KAZ3219-037
206946887,KAZ3219-035B
206946898,KAZ3219-035
206946899,KAZ3219-108
206946901,KAZ3219-035O
206946903,KAZ3219-032
206946904,KAZ3219-032O
206946906,KAZ3620-040
206946907,KAZ3620-095
206946908,KAZ3620-042
206946909,KAZ3620-130
206946910,KAZ3620-041
206946912,KAZ3620-044
206946913,KAZ3620-031
206946914,KAZ3620-031B
206946915,KAZ3620-031O
206946916,KAZ3620-102
206946917,KAZ3620-034
206946918,KAZ3620-034B
206946919,KAZ3620-032B
206946920,KAZ3620-037
206946921,KAZ3620-035B
206946922,KAZ3620-035
206946924,KAZ3620-108
206946925,KAZ3620-035O
206946926,KAZ3620-032
206946928,KAZ3620-032O
206946929,KAZ3320-040
206946930,KAZ3320-095
206946931,KAZ3320-042
206946932,KAZ3320-130
206946933,KAZ3320-041
206946934,KAZ3320-044
206946935,KAZ3320-031
206946936,KAZ3320-031B
206946937,KAZ3320-031O
206946938,KAZ3320-102
206946940,KAZ3320-034
206946941,KAZ3320-034B
206946942,KAZ3320-032B
206946943,KAZ3320-037
206946944,KAZ3320-035B
206946945,KAZ3320-035
206946946,KAZ3320-108
206946947,KAZ3320-035O
206946949,KAZ3320-032
206946950,KAZ3320-032O
206946951,KAZ3218-040
206946952,KAZ3218-095
206946953,KAZ3218-042
206946954,KAZ3218-130
206946955,KAZ3218-041
206946956,KAZ3218-044
206946957,KAZ3218-031
206946958,KAZ3218-031B
206946961,KAZ3218-031O
206946963,KAZ3218-102
206946964,KAZ3218-034
206946966,KAZ3218-034B
206946967,KAZ3218-032B
206946968,KAZ3218-037
206946969,KAZ3218-035B
206946970,KAZ3218-035
206946971,KAZ3218-108
206946972,KAZ3218-035O
206946973,KAZ3218-032
206946975,KAZ3218-032O
206946976,K32192A-040
206946977,K32192A-095
206946978,K32192A-042
206946979,K32192A-130
206946980,K32192A-041
206946982,K32192A-044
206946983,K32192A-031
206946984,K32192A-031B
206946985,K32192A-031O
206946986,K32192A-102
206946987,K32192A-034
206946989,K32192A-034B
206946990,K32192A-032B
206946991,K32192A-037
206946992,K32192A-035B
206946993,K32192A-035
206946995,K32192A-108
206946996,K32192A-035O
206946997,K32192A-032
206946998,K32192A-032O
206946999,KAZ3018-040
206947000,KAZ3018-095
206947001,KAZ3018-042
206947003,KAZ3018-130
206947004,KAZ3018-041
206947005,KAZ3018-044
206947007,KAZ3018-031
206947008,KAZ3018-031B
206947009,KAZ3018-031O
206947010,KAZ3018-102
206947011,KAZ3018-034
206947013,KAZ3018-034B
206947014,KAZ3018-032B
206947015,KAZ3018-037
206947016,KAZ3018-035B
206947017,KAZ3018-035
206947018,KAZ3018-108
206947019,KAZ3018-035O
206947020,KAZ3018-032
206947021,KAZ3018-032O
206947024,KAZ3220-040
206947025,KAZ3220-095
206947026,KAZ3220-042
206947027,KAZ3220-130
206947028,KAZ3220-041
206947031,KAZ3220-044
206947032,KAZ3220-031
206947033,KAZ3220-031B
206947034,KAZ3220-031O
206947037,KAZ3220-102
206947038,KAZ3220-034
206947039,KAZ3220-034B
206947040,KAZ3220-032B
206947043,KAZ3220-037
206947044,KAZ3220-035B
206947045,KAZ3220-035
206947047,KAZ3220-108
206947048,KAZ3220-035O
206947049,KAZ3220-032
206947050,KAZ3220-032O
206947051,K36203A-040
206947052,K36203A-095
206947054,K36203A-042
206947055,K36203A-130
206947056,K36203A-041
206947057,K36203A-044
206947059,K36203A-031
206947060,K36203A-031B
206947061,K36203A-031O
206947062,K36203A-102
206947063,K36203A-034
206947064,K36203A-034B
206947066,K36203A-032B
206947067,K36203A-037
206947068,K36203A-035B
206947069,K36203A-035
206947070,K36203A-108
206947071,K36203A-035O
206947074,K36203A-032
206947076,K36203A-032O
206947077,K33201A-040
206947078,K33201A-095
206947079,K33201A-042
206947080,K33201A-130
206947082,K33201A-041
206947083,K33201A-044
206947084,K33201A-031
206947085,K33201A-031B
206947087,K33201A-031O
206947088,K33201A-102
206947089,K33201A-034
206947090,K33201A-034B
206947091,K33201A-032B
206947094,K33201A-037
206947095,K33201A-035B
206947096,K33201A-035
206947097,K33201A-108
206947099,K33201A-035O
206947100,K33201A-032
206947101,K33201A-032O
206952053,FT505-0028
206952054,FT505-0027
206952055,FT505-0025
206952056,FT505-0029
206952057,FT505-0026
206952058,FT501-0028
206952059,FT501-0027
206952050,FT008-0026
206952044,FT520-0029
206952045,FT520-0026
206952042,FT520-0027
206952043,FT520-0025
206952048,FT008-0025
206952049,FT008-0029
206952046,FT008-0028
206952047,FT008-0027
206952041,FT520-0028
206952040,FT523-0026
206952079,FT522-0027
206952075,FT504-0025
206952076,FT504-0029
206952077,FT504-0026
206952078,FT522-0028
206952072,FT509-0026
206952071,FT509-0029
206952074,FT504-0027
206952073,FT504-0028
206952070,FT509-0025
206952068,FT509-0028
206952069,FT509-0027
206952066,FT510-0029
206952067,FT510-0026
206952064,FT510-0027
206952065,FT510-0025
206952063,FT510-0028
206952062,FT501-0026
206952061,FT501-0029
206952060,FT501-0025
206952098,FT506-0028
206952097,FT502-0026
206952099,FT506-0027
206952090,FT503-0025
206952091,FT503-0029
206952092,FT503-0026
206952093,FT502-0028
206952094,FT502-0027
206952095,FT502-0025
206952096,FT502-0029
206952089,FT503-0027
206952088,FT503-0028
206952087,FT512-0026
206952086,FT512-0029
206952080,FT522-0025
206952081,FT522-0029
206952084,FT512-0027
206952085,FT512-0025
206952082,FT522-0026
206952083,FT512-0028
206952003,FT012-0025
206952002,FT012-0027
206952005,FT012-0026
206952004,FT012-0029
206952001,FT012-0028
206952000,FT014-0026
206952007,FT507-0027
206952006,FT507-0028
206952009,FT507-0029
206952008,FT507-0025
206952015,FT084-0026
206952014,FT084-0029
206952013,FT084-0025
206952012,FT084-0027
206952011,FT084-0028
206952010,FT507-0026
206952021,FT300-0028
206952023,FT300-0025
206952022,FT300-0027
206952025,FT300-0026
206952024,FT300-0029
206952027,FT218-0027
206952026,FT218-0028
206952029,FT218-0029
206952028,FT218-0025
206952030,FT218-0026
206952034,FT400-0029
206952033,FT400-0025
206952032,FT400-0027
206952031,FT400-0028
206952038,FT523-0025
206952037,FT523-0027
206952036,FT523-0028
206952035,FT400-0026
206952039,FT523-0029
206952193,FT219-0028
206952192,FT220-0026
206952195,FT219-0025
206952194,FT219-0027
206952191,FT220-0029
206952190,FT220-0025
206952196,FT219-0029
206952197,FT219-0026
206952198,FT520GR-0028
206952199,FT520GR-0027
206952184,FT522GR-0027
206952183,FT522GR-0028
206952182,FT522OR-0026
206952181,FT522OR-0029
206952180,FT522OR-0025
206952189,FT220-0027
206952187,FT522GR-0026
206952188,FT220-0028
206952185,FT522GR-0025
206952186,FT522GR-0029
206952171,FT522RD-0029
206952170,FT522RD-0025
206952173,FT522BL-0028
206952172,FT522RD-0026
206952174,FT522BL-0027
206952175,FT522BL-0025
206952176,FT522BL-0029
206952177,FT522BL-0026
206952178,FT522OR-0028
206952179,FT522OR-0027
206952162,FT523BL-0026
206952161,FT523BL-0029
206952160,FT523BL-0025
206952165,FT522PU-0025
206952166,FT522PU-0029
206952163,FT522PU-0028
206952164,FT522PU-0027
206952169,FT522RD-0027
206952167,FT522PU-0026
206952168,FT522RD-0028
206951990,FT011-0028
206951991,FT011-0027
206951992,FT011-0025
206951993,FT011-0029
206951994,FT011-0026
206951995,FT014-0028
206951997,FT014-0027
206951998,FT014-0025
206951999,FT014-0029
206952142,FT523BK-0026
206952141,FT523BK-0029
206952144,FT523RD-0027
206952143,FT523RD-0028
206952146,FT523RD-0029
206952145,FT523RD-0025
206952147,FT523RD-0026
206952140,FT523BK-0025
206952155,FT523GR-0025
206952154,FT523GR-0027
206952153,FT523GR-0028
206952159,FT523BL-0027
206952158,FT523BL-0028
206952157,FT523GR-0026
206952156,FT523GR-0029
206952128,FT005-0028
206952127,FT006-0026
206952129,FT005-0027
206952124,FT006-0027
206952123,FT006-0028
206952126,FT006-0029
206952125,FT006-0025
206952120,FT004-0025
206952122,FT004-0026
206952121,FT004-0029
206952139,FT523BK-0027
206952138,FT523BK-0028
206952137,FT523PU-0026
206952136,FT523PU-0029
206952135,FT523PU-0025
206952134,FT523PU-0027
206952133,FT523PU-0028
206952132,FT005-0026
206952131,FT005-0029
206952130,FT005-0025
206952100,FT506-0025
206952101,FT506-0029
206952102,FT506-0026
206952103,FT508-0028
206952104,FT508-0027
206952105,FT508-0025
206952106,FT508-0029
206952107,FT508-0026
206952108,FT007-0028
206952109,FT007-0027
206952110,FT007-0025
206952111,FT007-0029
206952114,FT002-0027
