1482823192871,AC-AZ000BN
1482823192872,FT-AZ006
1482823192873,FT-AZ084
1482823192874,FS-AZ0028BN
1482823192875,FS-AZ0026BN
1482823192876,FT-AZ512
1482823192877,AC-AZ007BN
1482823192878,AC-AZ009BN
1482823192879,FT-AZ218
1482823192880,FR-AZ275
1482823192881,FT-AZ004
1482823192882,FR-AZ376
1482823192883,FT-AZ106
1482823192884,FT-AZ005
1482823192885,FT-AZ504
1482823192886,FT-AZ511
1482823192887,FT-AZ507
1482823192888,FT-AZ010
1482823192889,FT-AZ509
1482823192890,FS-AZ0027CH
1482823192891,FS-AZ0027BN
1482823192893,FS-AZ0025BN
1482823192892,FT-AZ105
1482823192894,FT-AZ510
1482823192895,FT-AZ503
1482823192897,FT-AZ300
1482823192896,FT-AZ505
1482823192898,FS-AZ0026CH
1482823192899,FT-AZ009
1482823192900,FT-AZ082
1482823192901,FT-AZ506
1482823192902,FS-AZ0029BN
1482823192903,FT-AZ508
1482823192904,FR-AZ975
1482823192905,AC-AZ001BN
1482823192906,FR-AZ074
1482823192907,FS-AZ0028CH
1482823192908,FT-AZ014
1482823192909,AC-AZ008BN
1482823192910,AC-AZ002
1482823192911,AC-AZ010BN
1482823192912,AC-AZ001
1482823192913,FR-AZ073
1482823192914,FT-AZ002
1482823192915,FT-AZ502
1482823192916,FR-AZ273
1482823192917,FT-AZ501
1482823192918,FT-AZ302
1482823192919,FR-AZ574
1482823192920,FT-AZ419
1482823192921,AC-AZ005
1482823192922,AC-AZ002BN
1482823192923,FT-AZ220
1482823192924,FR-AZ473
1482823192925,AC-AZ004BN
1482823192926,FR-AZ174
1482823192927,FR-AZ274
1482823192928,FT-AZ007
1482823192929,FT-AZ013
1482823192930,FR-AZ573
1482823192931,FT-AZ008
1482823192932,FT-AZ003
1482823192933,FT-AZ520
1482823192934,AC-AZ005BN
1482823192935,FT-AZ068
1482823192936,FS-AZ0029CH
1482823192937,AC-AZ009
1482823192938,AC-AZ010
1482823192939,FT-AZ104
1482823192940,FT-AZ011
1482823192941,AC-AZ008
1482823192942,FT-AZ219
1482823192943,FT-AZ520-GR
1482823192944,FS-AZ0025CH
1482823192945,FT-AZ523-BK
1482823192946,FT-AZ523-BL
1482823192947,AC-AZ006
1482823192948,FT-AZ521-GR
1482823192949,FT-AZ520-BK
1482823192951,FT-AZ520-PU
1482823192950,FT-AZ400
1482823192952,FT-AZ520-RD
1482823192953,FT-AZ012
1482823192954,FT-AZ523
1482823192955,FT011-0029
1482823192956,FT004-0028
1482823192957,FT-AZ902b
1482823192958,FT014-0026
1482823192959,FT010-0026
1482823192961,FT002-0028
1482823192960,FT002-0029
1482823192962,FT-AZ521-BL
1482823192963,FT-AZ522-PU
1482823192964,FT003-0029
1482823192965,FT012-0026
1482823192966,FT-AZ521
1482823192967,FT014-0025
1482823192968,FT011-0026
1482823192969,FT011-0028
1482823192970,FT010-0025
1482823192971,AC-AZ007
1482823192972,FT005-0026
1482823192973,FT-AZ522-GR
1482823192974,FT007-0026
1482823192975,FT-AZ521-BK
1482823192976,FT009-0025
1482823192977,FT013-0029
1482823192978,FT068-0025
1482823192979,FT006-0028
1482823192980,FT006-0029
1482823192981,FT003-0028
1482823192982,FT-AZ523-PU
1482823192983,FT007-0029
1482823192984,FT007-0025
1482823192985,FT011-0025
1482823192986,FT-AZ522-BL
1482823192987,FT003-0025
1482823192988,FT013-0025
1482823192989,FT009-0028
1482823192990,FT-AZ521-PU
1482823192991,FT-AZ523-GR
1482823192992,FT010-0029
1482823192993,FT005-0029
1482823192994,FT009-0029
1482823192995,FT006-0025
1482823192996,FT007-0028
1482823192997,FT005-0025
1482823192998,FT003-0027
1482823192999,FT068-0026
1482823193000,FT014-0029
1482823193001,FT013-0028
1482823193002,FT014-0028
1482823193003,FT013-0026
1482823193004,FT010-0028
1482823193005,FT003-0026
1482823193006,FT004-0027
1482823193007,FT012-0029
1482823193008,FT002-0025
1482823193009,FT004-0029
1482823193011,FT010-0027
1482823193012,FT014-0027
1482823193010,FT012-0025
1482823193013,FT084-0028
1482823193014,FT002-0027
1482823193015,FT004-0026
1482823193016,FT005-0028
1482823193017,FT013-0027
1482823193018,FT007-0027
1482823193019,FT005-0027
1482823193020,FT002-0026
1482823193021,FT004-0025
1482823193022,FT-AZ523-RD
1482823193023,FT009-0027
1482823193024,FT219-0028
1482823193025,FT012-0027
1482823193027,FT502-0025
1482823193026,FT219-0029
1482823193028,FT-AZ522-RD
1482823193029,FT012-0028
1482823193030,FT068-0028
1482823193031,FT300-0028
1482823193032,FT082-0025
1482823193033,FT400-0025
1482823193034,FT082-0027
1482823193035,FT009-0026
1482823193036,FT011-0027
1482823193037,FT507-0028
1482823193038,FT300-0029
1482823193039,FT501-0028
1482823193040,FT218-0027
1482823193041,FT220-0028
1482823193042,FT006-0026
1482823193043,FT218-0026
1482823193044,FT068-0029
1482823193045,FT501-0029
1482823193046,FT504-0025
1482823193047,FT502-0029
1482823193048,FT504-0026
1482823193049,FT503-0025
1482823193050,FT503-0029
1482823193051,FT084-0027
1482823193053,FT220-0027
1482823193052,FT006-0027
1482823193054,FT218-0025
1482823193055,FT219-0026
1482823193056,FT508-0026
1482823193057,FT220-0026
1482823193058,FT508-0027
1482823193059,FT084-0029
1482823193060,FT506-0029
1482823193061,FT508-0025
1482823193062,FT503-0028
1482823193063,FT084-0026
1482823193064,FT502-0028
1482823193065,FT400-0026
1482823193066,FT084-0025
1482823193067,FT068-0027
1482823193068,FT220-0025
1482823193069,FT400-0027
1482823193070,FT506-0026
1482823193071,FT505-0029
1482823193072,FT400-0029
1482823193073,FT506-0028
1482823193074,FT505-0025
1482823193075,FT082-0029
1482823193076,FT505-0028
1482823193077,FT507-0029
1482823193079,FT300-0026
1482823193080,FT506-0025
1482823193078,FT507-0025
1482823193081,FT219-0025
1482823193082,FT218-0029
1482823193083,FT300-0027
1482823193084,FT502-0026
1482823193085,FT082-0026
1482823193086,FT504-0029
1482823193087,FT502-0027
1482823193088,FT506-0027
1482823193089,FT501-0027
1482823193090,FT400-0028
1482823193091,FT082-0028
1482823193092,FT520-0028
1482823193093,FT300-0025
1482823193094,FT220-0029
1482823193095,FT501-0026
1482823193096,FT520PU-0025
1482823193097,FT509-0025
1482823193098,FT521BK-0029
1482823193099,FT218-0028
1482823193101,FT504-0028
1482823193100,FT520GR-0029
1482823193102,FT503-0027
1482823193103,FT504-0027
1482823193104,FT503-0026
1482823193105,FT509-0027
1482823193106,FT509-0026
1482823193107,FT508-0028
1482823193108,FT512-0027
1482823193109,FT521GR-0029
1482823193110,FT509-0028
1482823193111,FT219-0027
1482823193112,FT509-0029
1482823193113,FT521-0025
1482823193114,FT501-0025
1482823193115,FT520PU-0028
1482823193116,FT512-0026
1482823193117,FT511-0028
1482823193118,FT520BK-0028
1482823193119,FT510-0025
1482823193120,FT508-0029
1482823193121,FT520RD-0029
1482823193122,FT505-0026
1482823193123,FT520BK-0027
1482823193124,FT520BK-0026
1482823193125,FT512-0025
1482823193126,FT511-0029
1482823193127,FT510-0029
1482823193128,FT511-0025
1482823193129,FT520PU-0027
1482823193130,FT510-0028
1482823193132,FT505-0027
1482823193133,FT507-0027
1482823193131,FT521BL-0029
1482823193134,FT521-0029
1482823193135,FT520RD-0028
1482823193136,FT521-0027
1482823193137,FT521-0028
1482823193138,FT507-0026
1482823193139,FT510-0026
1482823193140,FT522GR-0028
1482823193141,FT511-0026
1482823193142,FT512-0029
1482823193143,FT521BL-0025
1482823193144,FT520BK-0025
1482823193145,FT520-0029
1482823193146,FT521BL-0026
1482823193147,FT521PU-0029
1482823193148,FT520-0025
1482823193149,FT521BK-0027
1482823193150,FT521BL-0027
1482823193151,FT510-0027
1482823193152,FT521-0026
1482823193153,FT521GR-0027
1482823193154,FT522GR-0026
1482823193155,FT521BL-0028
1482823193156,FT520RD-0027
1482823193157,FT522GR-0027
1482823193158,FT521GR-0026
1482823193159,FT522GR-0025
1482823193160,FT520PU-0026
1482823193161,FT512-0028
1482823193162,FT521PU-0028
1482823193163,FT521GR-0025
1482823193164,FT521PU-0027
1482823193165,FT521PU-0025
1482823193166,FT522PU-0027
1482823193167,FT522PU-0026
1482823193168,FT521PU-0026
1482823193169,FT520RD-0026
1482823193170,FT520GR-0027
1482823193171,FT520RD-0025
1482823193172,FT523RD-0026
1482823193173,FT520GR-0028
1482823193175,FT520PU-0029
1482823193174,FT523RD-0025
1482823193176,FT520GR-0026
1482823193177,FT522PU-0025
1482823193178,FT520BK-0029
1482823193179,FT522RD-0027
1482823193180,FT523BK-0025
1482823193181,FT522RD-0026
1482823193182,FT521BK-0026
1482823193183,FT520-0027
1482823193184,FT523GR-0029
1482823193185,FT521BK-0025
1482823193187,FT523BK-0027
1482823193186,FT522RD-0025
1482823193188,FT522BL-0028
1482823193189,FT520-0026
1482823193190,FT511-0027
1482823193191,FT522BL-0029
1482823193192,FT522BL-0027
1482823193193,FT522GR-0029
1482823193194,FT522BL-0026
1482823193196,FT523GR-0027
1482823193195,FT521BK-0028
1482823193197,K32192A-042
1482823193198,FT523-0027
1482823193199,FT522PU-0029
1482823193200,FT523GR-0025
1482823193201,K-AZ3320-1A
1482823193202,K32192A-034
1482823193203,FT523GR-0028
1482823193204,K33201A-034
1482823193205,FT523BK-0026
1482823193206,K32192A-032B
1482823193207,K33201A-032O
1482823193208,FT523BL-0026
1482823193209,FT523GR-0026
1482823193210,K-AZ3620-4B
1482823193211,K-AZ3320-4A
1482823193212,FT523RD-0027
1482823193213,FT523-0025
1482823193214,FT523-0026
1482823193215,K32192A-031O
1482823193216,FT521GR-0028
1482823193217,FT523BL-0027
1482823193218,K-AZ3219-1A
1482823193220,FT523BL-0025
1482823193219,FT522RD-0028
1482823193221,FT522PU-0028
1482823193222,K32192A-032O
1482823193223,FT523PU-0027
1482823193224,FT523BK-0028
1482823193225,K-AZ2318-1A
1482823193226,K32192A-031B
1482823193227,K33201A-037
1482823193228,K33201A-032B
1482823193229,K32192A-095
1482823193230,K-AZ3620-3A
1482823193231,K33201A-035O
1482823193232,K33201A-041
1482823193233,FT522RD-0029
1482823193234,K36203A-034
1482823193235,K33201A-031B
1482823193236,K-AZ3218-2B
1482823193237,FT523PU-0026
1482823193238,FT523PU-0029
1482823193239,FT523RD-0028
1482823193240,K36203A-095
1482823193241,FT523-0028
1482823193242,K-AZ3620-1A
1482823193243,K32192A-035B
1482823193245,FT523BK-0029
1482823193244,K33201A-044
1482823193246,K33201A-031O
1482823193247,K-AZ3018-1A
1482823193248,FT523BL-0029
1482823193249,K32192A-041
1482823193250,FT523PU-0028
1482823193251,FT523PU-0025
1482823193252,K32192A-044
1482823193253,K-AZ3220-3B
1482823193254,K32192A-108
1482823193255,K33201A-031
1482823193256,K32192A-031
1482823193257,K32192A-034B
1482823193258,KAZ2318-032O
1482823193259,K36203A-032O
1482823193260,K32192A-035
1482823193261,K-AZ3320-4B
1482823193262,K-AZ3219-2A
1482823193263,KAZ2318-130
1482823193264,K33201A-035
1482823193265,K32192A-102
1482823193266,K33201A-095
1482823193267,FT523-0029
1482823193268,K33201A-034B
1482823193269,FT523BL-0028
1482823193270,K33201A-102
1482823193271,K36203A-044
1482823193272,K32192A-035O
1482823193273,K32192A-037
1482823193274,K32192A-130
1482823193275,KAZ3018-035B
1482823193276,K32192A-040
1482823193277,KAZ2318-034B
1482823193278,K36203A-130
1482823193279,K36203A-031O
1482823193280,K32192A-032
1482823193281,KAZ3218-035O
1482823193282,K36203A-042
1482823193283,K36203A-035
1482823193284,K33201A-108
1482823193285,K36203A-035O
1482823193286,K33201A-040
1482823193287,KAZ3018-032
1482823193288,KAZ2318-108
1482823193289,KAZ2318-040
1482823193290,KAZ3018-130
1482823193291,KAZ3218-035B
1482823193292,KAZ2318-032B
1482823193293,KAZ3218-032B
1482823193294,K33201A-042
1482823193295,K36203A-108
1482823193296,K33201A-032
1482823193297,K36203A-041
1482823193298,KAZ2318-035O
1482823193299,KAZ2318-037
1482823193300,KAZ2318-032
1482823193301,K36203A-102
1482823193302,K36203A-032B
1482823193303,K36203A-035B
1482823193304,K36203A-034B
1482823193305,KAZ3018-041
1482823193306,KAZ3018-031O
1482823193307,K36203A-032
1482823193308,KAZ3018-031
1482823193309,K36203A-031B
1482823193310,KAZ2318-102
1482823193311,KAZ2318-035B
1482823193312,K36203A-031
1482823193313,KAZ2318-034
1482823193314,KAZ3218-032
1482823193315,KAZ3218-041
1482823193316,K36203A-040
1482823193317,KAZ3018-035
1482823193318,KAZ3018-037
1482823193319,KAZ2318-031O
1482823193320,KAZ3018-031B
1482823193321,KAZ3219-037
1482823193322,KAZ3018-040
1482823193323,KAZ3018-034B
1482823193325,KAZ3218-040
1482823193324,KAZ3218-031B
1482823193326,KAZ3219-130
1482823193327,KAZ3018-095
1482823193328,KAZ3018-035O
1482823193329,KAZ2318-095
1482823193330,K36203A-037
1482823193331,KAZ3218-031O
1482823193332,KAZ3218-035
1482823193333,KAZ3018-034
1482823193334,KAZ3220-035B
1482823193335,KAZ3218-042
1482823193336,K33201A-130
1482823193337,KAZ2318-031
1482823193338,KAZ3218-037
1482823193339,KAZ3018-044
1482823193340,KAZ2318-041
1482823193341,KAZ3218-034
1482823193342,KAZ3220-035O
1482823193343,KAZ3220-130
1482823193344,KAZ3218-031
1482823193345,KAZ3218-102
1482823193346,KAZ3218-032O
1482823193347,KAZ2318-031B
1482823193348,KAZ3018-042
1482823193349,KAZ3219-035B
1482823193350,KAZ3218-095
1482823193351,KAZ3219-035O
1482823193352,KAZ3018-032O
1482823193353,KAZ3218-130
1482823193354,KAZ3320-037
1482823193355,KAZ3018-102
1482823193356,KAZ3320-035O
1482823193357,KAZ3218-044
1482823193358,KAZ3320-031O
1482823193360,KAZ3620-032
1482823193359,KAZ3219-034B
1482823193361,KAZ3219-031
1482823193362,KAZ3219-032
1482823193363,KAZ3220-042
1482823193364,KAZ3218-034B
1482823193365,KAZ3220-032
1482823193366,KAZ3219-031O
1482823193367,KAZ3219-041
1482823193368,KAZ3620-040
1482823193369,KAZ3620-031O
1482823193370,KAZ3219-032B
1482823193371,KAZ3018-108
1482823193372,KF-AZ031BN
1482823193373,KAZ3219-040
1482823193374,KAZ3320-034B
1482823193375,KAZ3219-102
1482823193376,KAZ3620-031B
1482823193377,KAZ3219-032O
1482823193378,KAZ3620-031
1482823193379,KAZ3219-031B
1482823193380,KAZ3220-108
1482823193381,KAZ3220-031B
1482823193382,KAZ3220-041
1482823193383,KAZ3220-031O
1482823193384,KAZ3320-031
1482823193385,KAZ3320-095
1482823193386,KAZ3320-042
1482823193387,KAZ3320-034
1482823193388,KAZ3620-032O
1482823193389,KAZ3320-031B
1482823193390,KAZ3220-040
1482823193391,KAZ3320-041
1482823193392,KAZ3220-031
1482823193393,KAZ3620-037
1482823193394,KAZ3220-034B
1482823193395,KAZ3320-044
1482823193396,KAZ3220-037
1482823193397,KAZ3620-044
1482823193398,KAZ3218-108
1482823193399,KAZ3620-035O
1482823193400,KAZ3220-034
1482823193401,KAZ3220-102
1482823193402,KAZ3320-032O
1482823193403,KAZ3320-035B
1482823193404,KAZ3320-040
1482823193405,KAZ3620-102
1482823193406,KAZ3219-044
1482823193407,KAZ3620-042
1482823193408,KAZ3220-095
1482823193409,L-AZ011
1482823193411,KAZ3219-095
1482823193410,KF-AZ031ORB
1482823193412,KAZ3320-032
1482823193413,KAZ3219-042
1482823193414,KAZ3219-035
1482823193415,KAZ3220-044
1482823193416,L-AZ014ORB
1482823193417,KAZ3620-032B
1482823193418,KAZ3220-032B
1482823193420,KAZ3320-108
1482823193419,L-AZ023
1482823193421,KAZ3620-035B
1482823193422,KAZ3320-035
1482823193423,KAZ3220-032O
1482823193424,KAZ3620-041
1482823193425,KAZ3620-095
1482823193426,L-AZ012BN
1482823193427,L-AZ006
1482823193428,KAZ3620-035
1482823193429,KF-AZ040
1482823193430,KAZ3320-102
1482823193431,KAZ3219-034
1482823193432,KAZ3219-108
1482823193433,KAZ3320-130
1482823193434,L-AZ004BN
1482823193435,L-AZ015ORB
1482823193436,L-AZ017
1482823193437,KAZ3220-035
1482823193438,KF-AZ041
1482823193439,L-AZ015BN
1482823193440,KF-AZ044
1482823193441,L-AZ006BN
1482823193442,KAZ3620-034
1482823193443,L-AZ030
1482823193444,KAZ3620-034B
1482823193445,KF-AZ042
1482823193446,L-AZ019ORB
1482823193447,LS-AZ027
1482823193448,KF-AZ034BN
1482823193449,L-AZ003ORB
1482823193450,L-AZ012
1482823193451,L-AZ004
1482823193453,L-AZ019
1482823193452,L-AZ011ORB
1482823193454,L-AZ074
1482823193455,L-AZ009ORB
1482823193456,L-AZ040
1482823193457,KAZ3620-130
1482823193458,L-AZ011BN
1482823193459,L-AZ019BN
1482823193460,KF-AZ032ORB
1482823193461,L-AZ041
1482823193462,L-AZ003
1482823193463,L-AZ097BN
1482823193464,KF-AZ034
1482823193465,L-AZ030ORB
1482823193466,L-AZ015
1482823193467,L-AZ013BN
1482823193468,KF-AZ035
1482823193469,L-AZ024
1482823193470,KF-AZ035ORB
1482823193471,L-AZ095BN
1482823193472,L-AZ024BN
1482823193473,KF-AZ032
1482823193474,L-AZ026
1482823193475,L-AZ026BN
1482823193476,L-AZ009
1482823193477,KAZ3620-108
1482823193478,KF-AZ151
1482823193479,L-AZ039
1482823193480,L-AZ096
1482823193481,KF-AZ127
1482823193482,KF-AZ108
1482823193483,L-AZ095
1482823193484,L-AZ007BN
1482823193485,LS-AZ057
1482823193486,KF-AZ095
1482823193487,L-AZ013
1482823193488,L-AZ012ORB
1482823193489,LS-AZ059
1482823193491,KF-AZ037
1482823193490,LS-AZ058
1482823193492,LS-AZ047
1482823193493,L-AZ007
1482823193494,LS-AZ030
1482823193495,L-AZ006ORB
1482823193496,LSAZ027-096
1482823193497,LS-AZ044
1482823193498,L-AZ003BN
1482823193499,L-AZ035
1482823193501,L-AZ030BN
1482823193500,LS-AZ029
1482823193502,L-AZ033
1482823193504,L-AZ021
1482823193503,LS-AZ043
1482823193505,LS-AZ080
1482823193506,LS-AZ048
1482823193507,LS-AZ607
1482823193508,L-AZ013ORB
1482823193509,KF-AZ035BN
1482823193510,L-AZ021BN
1482823193511,LS-AZ079
1482823193512,LS-AZ077
1482823193513,LS-AZ040
1482823193514,LSAZ029-096B
1482823193515,LS-AZ151
1482823193516,L-AZ082
1482823193517,LS-AZ076
1482823193518,LS-AZ085
1482823193520,LS-AZ042
1482823193519,L-AZ097
1482823193521,L-AZ014BN
1482823193522,LS-AZ602
1482823193523,LS-AZ052
1482823193524,LS-AZ066
1482823193525,LS-AZ065
1482823193526,LS-AZ148
1482823193527,LS-AZ225
1482823193528,LS-AZ041
1482823193529,LS-AZ149
1482823193530,LS-AZ087
1482823193531,LS-AZ045
1482823193532,LS-AZ227
1482823193533,LS-AZ147
1482823193534,LS-AZ144
1482823193536,LS-AZ051
1482823193535,LSAZ029-040
1482823193537,LS-AZ063
1482823193538,LS-AZ204
1482823193539,LS-AZ050
1482823193540,L-AZ096BN
1482823193541,LS-AZ061
1482823193542,LSAZ040-040
1482823193543,LSAZ027-097B
1482823193544,LSAZ040-097
1482823193545,LSAZ027-096B
1482823193546,LSAZ040-041
1482823193547,LS-AZ049
1482823193548,LSAZ027-097
1482823193549,LSAZ029-097B
1482823193551,LSAZ029-022
1482823193550,LSAZ027-040
1482823193552,LSAZ027-095
1482823193553,LS-AZ060
1482823193554,LS-AZ056
1482823193555,LS-AZ608
1482823193557,LS-AZ083
1482823193556,LSAZ029-096
1482823193558,LSAZ040-022
1482823193559,LS-AZ175
1482823193560,LSAZ042-097B
1482823193561,LS-AZ075
1482823193562,LS-AZ053
1482823193563,LSAZ029-097
1482823193564,LSAZ027-022
1482823193565,LSAZ045-041
1482823193566,LS-AZ055
1482823193567,LSAZ043-041
1482823193568,LSAZ044-022
1482823193569,LSAZ042-040
1482823193570,LS-AZ152
1482823193572,LSAZ044-040
1482823193571,LS-AZ160
1482823193573,LSAZ044-041
1482823193574,LS-AZ074
1482823193575,LSAZ045-095B
1482823193576,LSAZ040-095
1482823193577,LSAZ029-095B
1482823193578,LS-AZ054
1482823193579,LSAZ045-096
1482823193580,LSAZ040-096
1482823193581,LSAZ027-041
1482823193582,LSAZ029-095
1482823193583,LSAZ042-095B
1482823193585,LSAZ043-022
1482823193584,LSAZ047-095B
1482823193587,LSAZ043-040
1482823193586,LSAZ040-097B
1482823193588,LSAZ042-022
1482823193589,LS-AZ224
1482823193590,LSAZ045-095
1482823193591,LSAZ040-095B
1482823193592,LSAZ044-095
1482823193593,LSAZ051-096B
1482823193594,LS-AZ086
1482823193595,LSAZ029-041
1482823193596,LSAZ048-095
1482823193597,LSAZ040-096B
1482823193598,LS-AZ136
1482823193599,LSAZ027-095B
1482823193600,LSAZ051-096
1482823193601,LSAZ044-095B
1482823193602,LSAZ042-095
1482823193603,LSAZ047-095
1482823193604,LSAZ044-096
1482823193605,LSAZ042-041
1482823193606,LSAZ050-096B
1482823193607,LSAZ047-022
1482823193608,LSAZ045-097B
1482823193609,LSAZ047-041
1482823193611,LSAZ042-097
1482823193610,LSAZ050-096
1482823193612,LSAZ052-096B
1482823193613,LSAZ045-040
1482823193614,LSAZ042-096B
1482823193615,LSAZ042-096
1482823193616,LSAZ050-095B
1482823193617,LSAZ043-097B
1482823193618,LSAZ048-097
1482823193619,LSAZ051-097B
1482823193620,LSAZ050-022
1482823193621,LS-AZ140
1482823193622,LSAZ048-096B
1482823193623,LSAZ048-096
1482823193624,LSAZ048-095B
1482823193625,LSAZ043-096
1482823193626,LSAZ048-097B
1482823193628,LSAZ051-041
1482823193629,LSAZ043-095B
1482823193627,LSAZ052-022
1482823193630,LSAZ043-095
1482823193631,LSAZ045-022
1482823193632,LSAZ051-097
1482823193633,LSAZ045-097
1482823193634,LSAZ043-097
1482823193636,LSAZ050-097
1482823193635,LSAZ053-097B
1482823193637,LSAZ053-022
1482823193638,LSAZ045-096B
1482823193639,LSAZ053-097
1482823193640,LSAZ043-096B
1482823193641,LSAZ051-040
1482823193642,LSAZ047-096
1482823193643,LSAZ048-022
1482823193644,LSAZ048-041
1482823193645,LSAZ050-097B
1482823193646,LSAZ053-040
1482823193647,LSAZ051-022
1482823193648,LSAZ047-097B
1482823193649,LSAZ044-097B
1482823193650,LSAZ047-096B
1482823193651,LSAZ048-040
1482823193652,LSAZ047-097
1482823193653,LSAZ044-097
1482823193654,LSAZ050-041
1482823193655,LSAZ054-022
1482823193656,LSAZ052-097B
1482823193657,LSAZ044-096B
1482823193658,LSAZ050-095
1482823193659,LSAZ052-095B
1482823193660,LSAZ059-095B
1482823193661,LSAZ054-095
1482823193662,LSAZ052-041
1482823193663,LSAZ050-040
1482823193664,LSAZ052-097
1482823193665,LSAZ052-095
1482823193666,LSAZ057-041
1482823193667,LSAZ057-040
1482823193668,LSAZ047-040
1482823193669,LSAZ052-040
1482823193670,LSAZ058-095B
1482823193671,LSAZ056-095B
1482823193672,LSAZ054-097B
1482823193673,LSAZ055-040
1482823193674,LSAZ055-022
1482823193675,LSAZ051-095
1482823193676,LSAZ057-096
1482823193677,LSAZ056-095
1482823193679,LSAZ056-041
1482823193678,LSAZ051-095B
1482823193680,LSAZ055-096B
1482823193681,LSAZ060-097
1482823193682,LSAZ054-097
1482823193683,LSAZ054-041
1482823193684,LSAZ053-041
1482823193685,LSAZ058-095
1482823193686,LSAZ060-096B
1482823193687,LSAZ065-096B
1482823193688,LSAZ055-096
1482823193689,LSAZ056-040
1482823193690,LSAZ053-096
1482823193691,LSAZ056-022
1482823193692,LSAZ054-040
1482823193693,LSAZ065-097
1482823193694,LSAZ055-095B
1482823193695,LSAZ053-095
1482823193696,LSAZ057-096B
1482823193697,LSAZ059-097B
1482823193698,LSAZ057-095B
1482823193699,LSAZ053-095B
1482823193700,LSAZ053-096B
1482823193701,LSAZ066-096B
1482823193702,LSAZ060-022
1482823193704,LSAZ058-041
1482823193703,LSAZ056-097
1482823193705,LSAZ065-096
1482823193706,LSAZ059-096B
1482823193707,LSAZ060-095B
1482823193708,LSAZ060-096
1482823193709,LSAZ052-096
1482823193711,LSAZ058-097
1482823193710,LSAZ058-096B
1482823193712,LSAZ057-095
1482823193713,LSAZ065-041
1482823193714,LSAZ059-096
1482823193715,LSAZ065-040
1482823193716,LSAZ059-095
1482823193717,LSAZ056-096B
1482823193718,LSAZ058-097B
1482823193719,LSAZ056-096
1482823193720,LSAZ055-041
1482823193721,LSAZ055-095
1482823193722,LSAZ059-022
1482823193723,LSAZ059-040
1482823193724,LSAZ059-097
1482823193725,LSAZ059-041
1482823193726,LSAZ054-096B
1482823193727,LSAZ054-095B
1482823193728,LSAZ058-096
1482823193729,LSAZ058-022
1482823193730,LSAZ074-022
1482823193731,LSAZ054-096
1482823193732,LSAZ074-097
1482823193733,LSAZ065-022
1482823193734,LSAZ074-097B
1482823193735,LSAZ057-022
1482823193736,LSAZ060-097B
1482823193737,LSAZ076-095
1482823193738,LSAZ066-041
1482823193739,LSAZ058-040
1482823193740,LSAZ083-041
1482823193741,LSAZ077-022
1482823193742,LSAZ057-097B
1482823193743,LSAZ065-097B
1482823193744,LSAZ057-097
1482823193745,LSAZ075-095
1482823193746,LSAZ060-095
1482823193747,LSAZ056-097B
1482823193748,LSAZ077-040
1482823193749,LSAZ060-040
1482823193750,LSAZ066-022
1482823193751,LSAZ055-097
1482823193752,LSAZ066-097B
1482823193753,LSAZ066-095
1482823193754,LSAZ074-095B
1482823193755,LSAZ083-040
1482823193756,LSAZ055-097B
1482823193757,LSAZ066-097
1482823193758,LSAZ066-040
1482823193759,LSAZ079-095B
1482823193760,LSAZ076-041
1482823193761,LSAZ077-096B
1482823193762,LSAZ076-040
1482823193765,LSAZ076-022
1482823193763,LSAZ060-041
1482823193764,LSAZ075-097
1482823193766,LSAZ074-095
1482823193767,LSAZ079-096
1482823193768,LSAZ079-095
1482823193769,LSAZ076-096B
1482823193770,LSAZ079-041
1482823193771,LSAZ065-095B
1482823193772,LSAZ075-097B
1482823193773,LSAZ086-096
1482823193774,LSAZ083-095B
1482823193775,LSAZ075-041
1482823193776,LSAZ077-096
1482823193777,LSAZ075-040
1482823193778,LSAZ075-022
1482823193779,LSAZ065-095
1482823193780,LSAZ083-096B
1482823193781,LSAZ077-095B
1482823193782,LSAZ087-095B
1482823193783,LSAZ074-041
1482823193784,LSAZ083-096
1482823193785,LSAZ085-041
1482823193786,LSAZ079-040
1482823193787,LSAZ075-096B
1482823193788,LSAZ087-096
1482823193789,LSAZ085-095B
1482823193790,LSAZ077-095
1482823193791,LSAZ076-096
1482823193792,LSAZ074-040
1482823193793,LSAZ074-096B
1482823193794,LSAZ083-097
1482823193795,LSAZ075-095B
1482823193796,LSAZ085-095
1482823193797,LSAZ075-096
1482823193798,LSAZ077-041
1482823193799,LSAZ085-096B
1482823193800,LSAZ602-096
1482823193801,LSAZ602-096B
1482823193802,LSAZ066-096
1482823193803,LSAZ083-095
1482823193804,LSAZ085-096
1482823193805,LSAZ085-097
1482823193806,LSAZ086-095B
1482823193807,LSAZ076-095B
1482823193808,LSAZ066-095B
1482823193809,LSAZ074-096
1482823193810,LSAZ607-095B
1482823193811,LSAZ079-097B
1482823193812,LSAZ607-096B
1482823193813,LSAZ086-022
1482823193814,LSAZ079-097
1482823193815,LSAZ086-095
1482823193817,LSAZ085-097B
1482823193816,LSAZ076-097B
1482823193818,LSAZ077-097
1482823193819,LSAZ087-022
1482823193820,LSAZ607-096
1482823193821,LSAZ087-097B
1482823193822,LSAZ079-096B
1482823193823,SH-AZ013
1482823193824,LSAZ087-097
1482823193825,LSAZ077-097B
1482823193826,LSAZ079-022
1482823193827,LSAZ076-097
1482823193828,LSAZ608-096
1482823193829,LSAZ083-097B
1482823193830,LSAZ602-095B
1482823193831,LSAZ081-022
1482823193832,LSAZ086-097B
1482823193833,TW-AZ018-CH
1482823193834,TW-AZ023BN
1482823193835,SP-AZ013
1482823193836,TW-AZ025CH
1482823193837,LSAZ086-096B
1482823193838,LSAZ085-040
1482823193839,LSAZ085-022
1482823193840,LSAZ607-097
1482823193841,LSAZ606-022
1482823193842,LSAZ608-022
1482823193843,SP-AZ021
1482823193844,LSAZ608-040
1482823193845,SH-AZ039
1482823193846,LSAZ086-097
1482823193847,TW-AZ012CH
1482823193848,LSAZ087-041
1482823193849,LSAZ608-097
1482823193850,LSAZ602-040
1482823193851,TW-AZ027-BN
1482823193852,LSAZ607-040
1482823193853,LSAZ608-096B
1482823193854,TW-AZ018-BN
1482823193855,LSAZ087-096B
1482823193856,LSAZ087-040
1482823193857,LSAZ087-095
1482823193858,SH-AZ042
1482823193859,LSAZ608-095
1482823193860,LSAZ086-040
1482823193861,LSAZ083-022
1482823193862,SH-AZ041
1482823193863,SH-AZ033
1482823193864,LSAZ602-022
1482823193865,LSAZ607-095
1482823193866,TW-AZ025BN
1482823193867,LSAZ086-041
1482823193868,LSAZ602-097
1482823193869,LSAZ602-095
1482823193870,LSAZ608-097B
1482823193871,LSAZ607-022
1482823193872,SH-AZ036
1482823193873,LSAZ602-097B
1482823193874,LSAZ607-097B
1482823193875,SP-AZ018
1482823193876,SH-AZ032
1482823193877,SP-AZ022
1482823193879,LSAZ602-041
1482823193878,TW-AZ026-BN
1482823193880,TW-AZ023CH
1482823193881,TW-AZ027-CH
1482823193882,LSAZ608-041
1482823193883,LSAZ606-041
1482823193884,SP-AZ015
1482823193885,LSAZ608-095B
1482823193886,LSAZ607-041
1482823193887,SH-AZ037
1482823193888,SH-AZ034
