20430430,AC-AZ002BN
20430429,AC-AZ002
20430428,AC-AZ006
#N/A,AC-AZ006BN
#N/A,AC-AZ003
#N/A,AC-AZ003BN
#N/A,AC-AZ004
20430427,AC-AZ004BN
20430426,AC-AZ008BN
20430425,AC-AZ008
20430424,AC-AZ000BN
#N/A,AC-AZ000
20430423,AC-AZ001BN
20430422,AC-AZ001
20430421,AC-AZ007
20430420,AC-AZ007BN
20430419,AC-AZ010
20430418,AC-AZ010BN
20430417,AC-AZ005
20430416,AC-AZ005BN
20430415,AC-AZ009
20430414,AC-AZ009BN
20462390,FT-AZ082
20406757,FT-AZ511
20406758,FT-AZ521
#N/A,FT-AZ217
20406759,FT-AZ003
20447130,FT-AZ010
20447131,FT-AZ013
20462418,FT-AZ009
20447132,FT-AZ011
20447133,FT-AZ014
20447134,FT-AZ012
20406765,FT-AZ507
20462419,FT-AZ084
20462416,FT-AZ068
20462417,FT-AZ300
20447135,FT-AZ218
20462420,FT-AZ400
20406766,FT-AZ523
20447136,FT-AZ520
20447128,FT-AZ008
20406767,FT-AZ505
20406768,FT-AZ501
20447129,FT-AZ510
20406769,FT-AZ509
20406771,FT-AZ504
#N/A,FT-AZ522
20406772,FT-AZ512
20406773,FT-AZ503
20406774,FT-AZ502
20406776,FT-AZ506
20406777,FT-AZ508
20406778,FT-AZ007
20406779,FT-AZ002
20406780,FT-AZ004
20406775,FT-AZ006
20406782,FT-AZ005
20406783,FT-AZ523-PU
20406784,FT-AZ523-BK
20406785,FT-AZ523-RD
20406786,FT-AZ523-GR
20406787,FT-AZ523-BL
20406788,FT-AZ522-PU
20406789,FT-AZ522-RD
20406790,FT-AZ522-BL
#N/A,FT-AZ522-OR
20406791,FT-AZ522-GR
20447137,FT-AZ220
20447138,FT-AZ219
20447139,FT-AZ520-GR
20406815,FT-AZ521-BL
20406816,FT-AZ521-GR
20406817,FT-AZ521-BK
#N/A,FT-AZ521-OR
20447140,FT-AZ520-BK
#N/A,FT-AZ520-OR
20447141,FT-AZ520-RD
20447151,FT-AZ520-PU
20406818,FT-AZ521-PU
20420943,FS-AZ0028CH
20428805,FS-AZ0027CH
20428806,FS-AZ0025CH
20428808,FS-AZ0029CH
20428809,FS-AZ0026CH
20428840,KF-AZ032
#N/A,KF-AZ032BN
20428828,KF-AZ032ORB
20428829,KF-AZ042
#N/A,KF-AZ130
20428824,KF-AZ041
20428825,KF-AZ044
20428826,KF-AZ040
20428830,KF-AZ095
#N/A,KF-AZ102
20428831,KF-AZ034
20428833,KF-AZ034BN
20428832,KF-AZ035BN
20428834,KF-AZ035
20428836,KF-AZ035ORB
#N/A,KF-AZ031
20428837,KF-AZ031BN
20428835,KF-AZ031ORB
20428838,KF-AZ037
20428839,KF-AZ108
#N/A,L-AZ014
20428841,L-AZ003ORB
#N/A,L-AZ018
20428849,L-AZ006
20428850,L-AZ014BN
20428852,L-AZ014ORB
20428853,L-AZ006ORB
20428855,L-AZ003BN
20428857,L-AZ003
20428877,L-AZ006BN
20428881,KF-AZ151
20428886,L-AZ033
20428890,L-AZ015
20428893,L-AZ007
20428896,L-AZ004BN
20428899,L-AZ004
20428901,L-AZ007BN
20428904,L-AZ015BN
20428906,L-AZ015ORB
20428909,L-AZ024BN
20428911,L-AZ024
#N/A,L-AZ007ORB
20428914,L-AZ039
#N/A,L-AZ037
20428917,KF-AZ127
20428920,L-AZ035
20428922,L-AZ074
20428925,L-AZ082
20428928,L-AZ040
20428931,L-AZ041
20428934,L-AZ030
20428937,L-AZ030ORB
20428939,L-AZ030BN
20428942,L-AZ097BN
20428945,L-AZ097
20428948,L-AZ096BN
20428951,L-AZ096
20428953,L-AZ095BN
20428955,L-AZ095
20428956,L-AZ011ORB
20428958,L-AZ021BN
20428960,L-AZ019
20428961,L-AZ013ORB
20428962,L-AZ013BN
20428963,L-AZ013
20428964,L-AZ012ORB
20428965,L-AZ012BN
20428966,L-AZ012
20428967,L-AZ011BN
20428978,L-AZ009
#N/A,L-AZ009BN
20428993,L-AZ009ORB
20428994,L-AZ011
20428995,L-AZ021
20428996,L-AZ019ORB
20428997,L-AZ019BN
20428998,L-AZ017
#N/A,L-AZ022
20428999,L-AZ023
20429001,FR-AZ975
20429003,FR-AZ273
20429006,FR-AZ473
20429008,FR-AZ573
20429010,FR-AZ376
20429012,FR-AZ275
#N/A,FR-AZ375
20429014,FR-AZ074
20429016,FR-AZ174
#N/A,FR-AZ801
20429018,FR-AZ274
20429020,FR-AZ574
20429022,FR-AZ073
#N/A,FR-AZ810
20428804,SP-AZ015
20428807,SP-AZ013
20428810,SP-AZ018
20428811,SP-AZ021
20428813,SP-AZ022
#N/A,SP-AZ016
#N/A,SP-AZ012
20428815,SH-AZ042
#N/A,SH-AZ030
20428842,SH-AZ041
#N/A,SH-AZ040
20428843,SH-AZ039
20428818,SH-AZ034
20428819,SH-AZ033
#N/A,SH-AZ035
#N/A,SH-AZ038
20428844,SH-AZ037
20428845,SH-AZ032
20428820,SH-AZ036
20428846,L-AZ026BN
20428847,L-AZ026
20428848,SH-AZ013
20428851,K-AZ2318-1A
20428854,K-AZ3320-1A
20428856,K-AZ3620-1A
20428858,K-AZ3219-1A
20428879,K-AZ3018-1A
20428883,K-AZ3220-3B
20428812,K-AZ3620-3A
20428814,K-AZ3320-4A
20428888,K-AZ3218-2B
20428892,K-AZ3219-2A
20447152,LS-AZ087
20447153,LS-AZ065
20406770,LS-AZ027
20447154,LS-AZ061
20447155,LS-AZ055
20406781,LS-AZ080
20447156,LS-AZ056
20447157,LS-AZ030
#N/A,LS-AZ081
20447158,LS-AZ059
20447159,LS-AZ060
20447160,LS-AZ057
20447161,LS-AZ058
20447162,LS-AZ063
#N/A,LS-AZ064
20447163,LS-AZ043
20447164,LS-AZ044
20447165,LS-AZ041
20447166,LS-AZ042
20447167,LS-AZ029
20447168,LS-AZ040
20406819,LS-AZ079
20406820,LS-AZ086
20447169,LS-AZ045
20447170,LS-AZ085
#N/A,LS-AZ046
20447171,LS-AZ047
20447174,LS-AZ048
20447177,LS-AZ049
20447179,LS-AZ074
20447180,LS-AZ050
20447181,LS-AZ051
20447182,LS-AZ075
20406821,LS-AZ076
20447183,LS-AZ052
20447184,LS-AZ053
20406822,LS-AZ083
20447185,LS-AZ054
20406823,LS-AZ077
#N/A,LS-AZ078
20428876,FT002-0025
20428878,FT007-0026
20428880,FT002-0028
20428882,FT004-0028
20428884,FT004-0027
20428885,FT002-0029
20428887,FT002-0026
20428889,FT511-0026
20428891,FT511-0029
20428894,FT511-0025
20428895,FT511-0027
20428897,FT511-0028
20428898,FT521-0025
#N/A,FT217-0029
#N/A,FT217-0025
20428900,FT003-0028
#N/A,FT217-0026
20428902,FT521-0026
20428903,FT521-0029
#N/A,FT217-0027
#N/A,FT217-0028
20428905,FT521-0028
20428907,FT003-0029
20428908,FT003-0025
20428910,FT003-0027
20428912,FT010-0025
20428913,FT010-0027
20428915,FT010-0028
20428916,FT003-0026
20428918,FT013-0028
20428919,FT010-0026
20428921,FT010-0029
20428923,FT013-0025
20428924,FT013-0027
20428926,FT013-0026
20428927,FT013-0029
20428929,FT009-0028
20428930,FT009-0025
20428932,FT009-0027
20428933,FT009-0026
20428935,FT009-0029
20428936,FT520PU-0029
20428938,FT520PU-0025
20428940,FT520PU-0026
20428941,FT521GR-0028
20428943,FT521GR-0027
20428944,FT521BL-0027
20428946,FT521BL-0025
20428947,FT521BL-0029
20428949,FT521BL-0026
#N/A,FT520GR-0025
20428950,FT520GR-0029
20428952,FT520GR-0026
20428954,FT521BL-0028
#N/A,FT521OR-0027
20447172,FT521BK-0026
#N/A,FT521OR-0028
20447173,FT521BK-0025
20447175,FT521BK-0029
20447176,FT521BK-0028
20447178,FT521BK-0027
20428957,FT521GR-0029
20428959,FT521GR-0026
20428859,FT521GR-0025
20447142,FT520BK-0029
20447143,FT520BK-0026
#N/A,FT520OR-0028
#N/A,FT520OR-0027
#N/A,FT521OR-0025
#N/A,FT521OR-0029
#N/A,FT521OR-0026
20447144,FT520BK-0028
20447145,FT520BK-0027
20447146,FT520BK-0025
20429215,FT520PU-0027
20428860,FT520RD-0026
20428861,FT520PU-0028
#N/A,FT520OR-0029
#N/A,FT520OR-0026
#N/A,FT520OR-0025
20428873,FT520RD-0025
20428874,FT520RD-0028
20428875,FT520RD-0027
20447147,FT082-0027
20447148,FT082-0028
20447149,FT082-0026
20447150,FT082-0025
20447186,FT082-0029
20430410,LSAZ048-097
20406824,LSAZ087-096B
20430409,LSAZ059-022
20430408,LSAZ048-041
20430396,LSAZ027-097
20430395,LSAZ059-096B
20430394,LSAZ048-097B
20430393,LSAZ059-097
20430392,LSAZ059-096
20406825,LSAZ027-095B
20430391,LSAZ086-097
20430390,LSAZ086-095
20430389,LSAZ027-095
20430388,LSAZ059-095
20430387,LSAZ048-095
20430386,LSAZ087-040
20406828,LSAZ087-096
20406826,LSAZ086-096
20406829,LSAZ086-096B
20430385,LSAZ048-096B
20406830,LSAZ027-096
20430384,LSAZ048-096
20406827,LSAZ027-096B
20430383,LSAZ087-097B
20430382,LSAZ086-041
20430381,LSAZ059-041
20430380,LSAZ059-097B
20430379,LSAZ086-097B
20430378,LSAZ027-097B
20430377,LSAZ027-040
20430376,LSAZ059-040
20430375,LSAZ086-040
20430374,LSAZ087-097
20430373,LSAZ048-095B
20406831,LSAZ086-095B
20430372,LSAZ059-095B
20428979,FT521-0027
20428980,FT068-0028
20428981,FT068-0027
20428982,FT068-0025
20428983,FT068-0029
20428984,FT068-0026
20428985,FT520RD-0029
20428986,FT521PU-0028
20428987,FT521PU-0027
20428988,FT521PU-0025
20428989,FT521PU-0029
20428990,FT521PU-0026
20430371,LSAZ066-095
20406832,LSAZ087-095B
20430370,LSAZ087-095
20430369,LSAZ066-095B
20430368,LSAZ087-041
20430367,LSAZ027-041
20406833,LSAZ087-022
20406835,LSAZ027-022
20406836,LSAZ086-022
20430366,LSAZ048-040
20430365,LSAZ048-022
20447187,LS-AZ066
20406842,LS-AZ602
20406843,LS-AZ607
20406844,LS-AZ608
#N/A,LS-AZ606a
20406760,TW-AZ018-BN
20406761,TW-AZ018-CH
20406762,TW-AZ026-BN
#N/A,TW-AZ026-CH
20406763,TW-AZ027-BN
20406764,TW-AZ027-CH
20430431,TW-AZ012CH
20430432,TW-AZ025BN
20430413,TW-AZ025CH
20430412,TW-AZ023BN
20430411,TW-AZ023CH
#N/A,TW-AZ012BN
20406834,FT-AZ419
#N/A,FT-AZ902a
20406837,FT-AZ302
20406838,FT-AZ902b
20428821,FS-AZ0028BN
20428822,FS-AZ0027BN
20428823,FS-AZ0025BN
20429024,FS-AZ0029BN
20428827,FS-AZ0026BN
20406845,LS-AZ136
#N/A,LS-AZ138
20406846,LS-AZ227
20406847,LS-AZ152
20406848,LS-AZ175
20406849,LS-AZ204
20406850,LS-AZ149
20406851,LS-AZ224
20406852,LS-AZ151
20406853,LS-AZ225
20406854,LS-AZ147
20406855,LS-AZ148
20406856,LS-AZ140
#N/A,LS-AZ159
20406857,LS-AZ144
20406858,LS-AZ160
20406839,FT-AZ104
20406840,FT-AZ105
20406841,FT-AZ106
20428816,K-AZ3320-4C
20428817,K-AZ3620-4C
20430364,LSAZ602-040
20430363,LSAZ602-041
20430362,LSAZ602-097B
20430361,LSAZ602-097
20406859,LSAZ602-022
20406860,LSAZ602-096B
20406861,LSAZ602-096
20406862,LSAZ602-095B
20430360,LSAZ602-095
20430359,LSAZ607-040
20430358,LSAZ607-041
20430357,LSAZ607-097B
20430356,LSAZ607-097
20406863,LSAZ607-022
20406864,LSAZ607-096B
20406865,LSAZ607-096
20406866,LSAZ607-095B
20430355,LSAZ607-095
20430354,LSAZ608-040
20430353,LSAZ608-041
20430352,LSAZ608-097B
20430351,LSAZ608-097
20406867,LSAZ608-022
20406868,LSAZ608-096B
20406869,LSAZ608-096
20406870,LSAZ608-095B
20430350,LSAZ608-095
20430349,LSAZ065-040
20430348,LSAZ065-041
20430347,LSAZ065-097B
20430346,LSAZ065-097
20406871,LSAZ065-022
20406872,LSAZ065-096B
20406873,LSAZ065-096
20406874,LSAZ065-095B
20430345,LSAZ065-095
#N/A,LSAZ606-040
20430344,LSAZ606-041
#N/A,LSAZ606-097B
#N/A,LSAZ606-097
20406875,LSAZ606-022
#N/A,LSAZ606-096B
#N/A,LSAZ606-096
#N/A,LSAZ606-095B
#N/A,LSAZ606-095
20430343,LSAZ055-040
20430342,LSAZ055-041
20430341,LSAZ055-097B
20430340,LSAZ055-097
20406876,LSAZ055-022
20406877,LSAZ055-096B
20406878,LSAZ055-096
20406879,LSAZ055-095B
20430339,LSAZ055-095
20430338,LSAZ056-040
20430337,LSAZ056-041
20430336,LSAZ056-097B
20430335,LSAZ056-097
20430334,LSAZ056-022
20430333,LSAZ056-096B
20430332,LSAZ056-096
20430331,LSAZ056-095B
20430330,LSAZ056-095
20430329,LSAZ085-040
20430328,LSAZ085-041
20430327,LSAZ085-097B
20430326,LSAZ085-097
20406880,LSAZ085-022
20406881,LSAZ085-096B
20406882,LSAZ085-096
20406883,LSAZ085-095B
20430325,LSAZ085-095
20430324,LSAZ060-040
20430323,LSAZ060-041
20430322,LSAZ060-097B
20430321,LSAZ060-097
20430320,LSAZ060-022
20430319,LSAZ060-096B
20430318,LSAZ060-096
20430317,LSAZ060-095B
20430316,LSAZ060-095
20430315,LSAZ057-040
20430314,LSAZ057-041
20430313,LSAZ057-097B
20430312,LSAZ057-097
20406884,LSAZ057-022
20406885,LSAZ057-096B
20406886,LSAZ057-096
20406887,LSAZ057-095B
20430311,LSAZ057-095
20430310,LSAZ058-040
20430309,LSAZ058-041
20430308,LSAZ058-097B
20430307,LSAZ058-097
20430306,LSAZ058-022
20430305,LSAZ058-096B
20430304,LSAZ058-096
20430303,LSAZ058-095B
20430302,LSAZ058-095
#N/A,LSAZ064-040
#N/A,LSAZ064-041
#N/A,LSAZ064-097B
#N/A,LSAZ064-097
#N/A,LSAZ064-022
#N/A,LSAZ064-096B
#N/A,LSAZ064-096
#N/A,LSAZ064-095B
#N/A,LSAZ064-095
20430301,LSAZ043-040
20430300,LSAZ043-041
20430299,LSAZ043-097B
20430298,LSAZ043-097
20430297,LSAZ043-022
20430296,LSAZ043-096B
20430295,LSAZ043-096
20430294,LSAZ043-095B
20430293,LSAZ043-095
20430292,LSAZ044-040
20430291,LSAZ044-041
20430290,LSAZ044-097B
20430289,LSAZ044-097
20430288,LSAZ044-022
20430287,LSAZ044-096B
20430286,LSAZ044-096
20430285,LSAZ044-095B
20430284,LSAZ044-095
20430283,LSAZ042-040
20430282,LSAZ042-041
20430281,LSAZ042-097B
20430280,LSAZ042-097
20406888,LSAZ042-022
20406889,LSAZ042-096B
20406890,LSAZ042-096
20406891,LSAZ042-095B
20430075,LSAZ042-095
20430074,LSAZ029-040
20430073,LSAZ029-041
20430072,LSAZ029-097B
20430071,LSAZ029-097
20406892,LSAZ029-022
20406893,LSAZ029-096B
20406894,LSAZ029-096
20406895,LSAZ029-095B
20430070,LSAZ029-095
20430069,LSAZ040-040
20430068,LSAZ040-041
20430067,LSAZ040-097B
20430066,LSAZ040-097
20430065,LSAZ040-022
20430064,LSAZ040-096B
20430063,LSAZ040-096
20430062,LSAZ040-095B
20430061,LSAZ040-095
20430060,LSAZ074-040
20430059,LSAZ074-041
20430058,LSAZ074-097B
20430057,LSAZ074-097
20406896,LSAZ074-022
20406897,LSAZ074-096B
20406898,LSAZ074-096
20406899,LSAZ074-095B
20430056,LSAZ074-095
20430055,LSAZ075-040
20430054,LSAZ075-041
20430053,LSAZ075-097B
20430052,LSAZ075-097
20406900,LSAZ075-022
20406901,LSAZ075-096B
20406902,LSAZ075-096
20406903,LSAZ075-095B
20430051,LSAZ075-095
20430050,LSAZ045-040
20430049,LSAZ045-041
20430048,LSAZ045-097B
20430047,LSAZ045-097
20406904,LSAZ045-022
20406905,LSAZ045-096B
20406906,LSAZ045-096
20406907,LSAZ045-095B
20430046,LSAZ045-095
20430045,LSAZ076-040
20430044,LSAZ076-041
20430043,LSAZ076-097B
20430042,LSAZ076-097
20406908,LSAZ076-022
20406909,LSAZ076-096B
20406910,LSAZ076-096
20406911,LSAZ076-095B
20430041,LSAZ076-095
#N/A,LSAZ046-040
#N/A,LSAZ046-041
#N/A,LSAZ046-097B
#N/A,LSAZ046-097
#N/A,LSAZ046-022
#N/A,LSAZ046-096B
#N/A,LSAZ046-096
#N/A,LSAZ046-095B
#N/A,LSAZ046-095
20430040,LSAZ047-040
20430039,LSAZ047-041
20430038,LSAZ047-097B
20430037,LSAZ047-097
20406912,LSAZ047-022
20406913,LSAZ047-096B
20406914,LSAZ047-096
20406915,LSAZ047-095B
20430036,LSAZ047-095
#N/A,LSAZ080-040
#N/A,LSAZ080-041
#N/A,LSAZ080-097B
#N/A,LSAZ080-097
#N/A,LSAZ080-022
#N/A,LSAZ080-096B
#N/A,LSAZ080-096
#N/A,LSAZ080-095B
#N/A,LSAZ080-095
20430035,LSAZ050-040
20430034,LSAZ050-041
20430033,LSAZ050-097B
20430032,LSAZ050-097
20406995,LSAZ050-022
20406996,LSAZ050-096B
20406997,LSAZ050-096
20406998,LSAZ050-095B
20430031,LSAZ050-095
20430030,LSAZ051-040
20430029,LSAZ051-041
20430028,LSAZ051-097B
20430027,LSAZ051-097
20430026,LSAZ051-022
20430025,LSAZ051-096B
20430024,LSAZ051-096
20430023,LSAZ051-095B
20430022,LSAZ051-095
#N/A,LSAZ081-040
#N/A,LSAZ081-041
#N/A,LSAZ081-097B
#N/A,LSAZ081-097
20406999,LSAZ081-022
#N/A,LSAZ081-096B
#N/A,LSAZ081-096
#N/A,LSAZ081-095B
#N/A,LSAZ081-095
20430021,LSAZ083-040
20430020,LSAZ083-041
20430019,LSAZ083-097B
20430018,LSAZ083-097
20407000,LSAZ083-022
20407001,LSAZ083-096B
20407002,LSAZ083-096
20407003,LSAZ083-095B
20430017,LSAZ083-095
20430016,LSAZ052-040
20430015,LSAZ052-041
20430014,LSAZ052-097B
20430013,LSAZ052-097
20430012,LSAZ052-022
20430011,LSAZ052-096B
20430010,LSAZ052-096
20430009,LSAZ052-095B
20430008,LSAZ052-095
20430007,LSAZ053-040
20430006,LSAZ053-041
20430005,LSAZ053-097B
20430004,LSAZ053-097
20430003,LSAZ053-022
20430002,LSAZ053-096B
20430001,LSAZ053-096
20430000,LSAZ053-095B
20429999,LSAZ053-095
20429998,LSAZ077-040
20429997,LSAZ077-041
20429996,LSAZ077-097B
20429995,LSAZ077-097
20407004,LSAZ077-022
20407005,LSAZ077-096B
20407006,LSAZ077-096
20407007,LSAZ077-095B
20429994,LSAZ077-095
20429993,LSAZ054-040
20429992,LSAZ054-041
20429991,LSAZ054-097B
20429990,LSAZ054-097
20407008,LSAZ054-022
20407009,LSAZ054-096B
20407010,LSAZ054-096
20407011,LSAZ054-095B
20429989,LSAZ054-095
#N/A,LSAZ078-040
#N/A,LSAZ078-041
#N/A,LSAZ078-097B
#N/A,LSAZ078-097
#N/A,LSAZ078-022
#N/A,LSAZ078-096B
#N/A,LSAZ078-096
#N/A,LSAZ078-095B
#N/A,LSAZ078-095
20429988,LSAZ079-040
20429987,LSAZ079-041
20429986,LSAZ079-097B
20429985,LSAZ079-097
20407012,LSAZ079-022
20407013,LSAZ079-096B
20407014,LSAZ079-096
20407015,LSAZ079-095B
20429984,LSAZ079-095
20429983,LSAZ066-040
20429982,LSAZ066-041
20429981,LSAZ066-097B
20429980,LSAZ066-097
20429979,LSAZ066-022
20429978,LSAZ066-096B
20429977,LSAZ066-096
20429976,KAZ2318-040
20407016,KAZ2318-095
#N/A,KAZ2318-042
20407017,KAZ2318-130
20429975,KAZ2318-041
#N/A,KAZ2318-044
20429974,KAZ2318-031
20429973,KAZ2318-031B
20429972,KAZ2318-031O
20429971,KAZ2318-102
20429970,KAZ2318-034
20429969,KAZ2318-034B
20429968,KAZ2318-032B
20429967,KAZ2318-037
20429966,KAZ2318-035B
#N/A,KAZ2318-035
20429965,KAZ2318-108
20429964,KAZ2318-035O
20429963,KAZ2318-032
20429962,KAZ2318-032O
20429961,KAZ3219-040
20429960,KAZ3219-095
20429959,KAZ3219-042
20429958,KAZ3219-130
20429957,KAZ3219-041
20429956,KAZ3219-044
20429955,KAZ3219-031
20429954,KAZ3219-031B
20429953,KAZ3219-031O
20429504,KAZ3219-102
20429503,KAZ3219-034
20429502,KAZ3219-034B
20429501,KAZ3219-032B
20429500,KAZ3219-037
20429499,KAZ3219-035B
20429498,KAZ3219-035
20429497,KAZ3219-108
20429496,KAZ3219-035O
20429495,KAZ3219-032
20429494,KAZ3219-032O
20429493,KAZ3620-040
20429492,KAZ3620-095
20429491,KAZ3620-042
20429490,KAZ3620-130
20429489,KAZ3620-041
20429488,KAZ3620-044
20429487,KAZ3620-031
20429486,KAZ3620-031B
20429485,KAZ3620-031O
20429484,KAZ3620-102
20429483,KAZ3620-034
20429482,KAZ3620-034B
20429481,KAZ3620-032B
20429480,KAZ3620-037
20429479,KAZ3620-035B
20429478,KAZ3620-035
20429477,KAZ3620-108
20429476,KAZ3620-035O
20429475,KAZ3620-032
20429474,KAZ3620-032O
20429473,KAZ3320-040
20429472,KAZ3320-095
20429471,KAZ3320-042
20429470,KAZ3320-130
20429469,KAZ3320-041
20429468,KAZ3320-044
20429467,KAZ3320-031
20429466,KAZ3320-031B
20429465,KAZ3320-031O
20429464,KAZ3320-102
20429463,KAZ3320-034
20429462,KAZ3320-034B
#N/A,KAZ3320-032B
20429461,KAZ3320-037
20429460,KAZ3320-035B
20429459,KAZ3320-035
20429458,KAZ3320-108
20429457,KAZ3320-035O
20429456,KAZ3320-032
20429455,KAZ3320-032O
20429454,KAZ3218-040
20407018,KAZ3218-095
20429453,KAZ3218-042
20407019,KAZ3218-130
20429452,KAZ3218-041
20429451,KAZ3218-044
20429450,KAZ3218-031
20429449,KAZ3218-031B
20429448,KAZ3218-031O
20429447,KAZ3218-102
20429446,KAZ3218-034
20429445,KAZ3218-034B
20429444,KAZ3218-032B
20429443,KAZ3218-037
20429442,KAZ3218-035B
20429441,KAZ3218-035
20429440,KAZ3218-108
20429439,KAZ3218-035O
20429438,KAZ3218-032
20429437,KAZ3218-032O
20429436,K32192A-040
20407020,K32192A-095
20429435,K32192A-042
20407021,K32192A-130
20429434,K32192A-041
20429433,K32192A-044
20429432,K32192A-031
20429431,K32192A-031B
20429430,K32192A-031O
20429429,K32192A-102
20429428,K32192A-034
20429427,K32192A-034B
20429426,K32192A-032B
20429425,K32192A-037
20429424,K32192A-035B
20429423,K32192A-035
20429422,K32192A-108
20429421,K32192A-035O
20429420,K32192A-032
20429419,K32192A-032O
20429418,KAZ3018-040
20429417,KAZ3018-095
20429416,KAZ3018-042
20429415,KAZ3018-130
20429414,KAZ3018-041
20429413,KAZ3018-044
20429412,KAZ3018-031
20429411,KAZ3018-031B
20429410,KAZ3018-031O
20429409,KAZ3018-102
20429408,KAZ3018-034
20429407,KAZ3018-034B
#N/A,KAZ3018-032B
20429406,KAZ3018-037
20429405,KAZ3018-035B
20429404,KAZ3018-035
20429403,KAZ3018-108
20429402,KAZ3018-035O
20429401,KAZ3018-032
20429400,KAZ3018-032O
20429399,KAZ3220-040
20407022,KAZ3220-095
20429356,KAZ3220-042
20407023,KAZ3220-130
20429355,KAZ3220-041
20429354,KAZ3220-044
20429353,KAZ3220-031
20429352,KAZ3220-031B
20429351,KAZ3220-031O
20429350,KAZ3220-102
20429349,KAZ3220-034
20429348,KAZ3220-034B
20429347,KAZ3220-032B
20429346,KAZ3220-037
20429345,KAZ3220-035B
20429344,KAZ3220-035
20429343,KAZ3220-108
20429342,KAZ3220-035O
20429341,KAZ3220-032
20429340,KAZ3220-032O
20429339,K36203A-040
20407024,K36203A-095
20429338,K36203A-042
20407025,K36203A-130
20429337,K36203A-041
20429336,K36203A-044
20429335,K36203A-031
20429334,K36203A-031B
20429333,K36203A-031O
20429332,K36203A-102
20429331,K36203A-034
20429330,K36203A-034B
20429329,K36203A-032B
20429328,K36203A-037
20429327,K36203A-035B
20429326,K36203A-035
20429325,K36203A-108
20429324,K36203A-035O
20429323,K36203A-032
20429322,K36203A-032O
20429321,K33201A-040
20429320,K33201A-095
20429319,K33201A-042
20429318,K33201A-130
20429317,K33201A-041
20429316,K33201A-044
20429315,K33201A-031
20429314,K33201A-031B
20429313,K33201A-031O
20429312,K33201A-102
20429311,K33201A-034
20429310,K33201A-034B
20429309,K33201A-032B
20429308,K33201A-037
#N/A,K33201A-035B
20429307,K33201A-035
20429306,K33201A-108
20429305,K33201A-035O
20429304,K33201A-032
20429303,K33201A-032O
20429000,FT505-0028
20429002,FT505-0027
20429004,FT505-0025
20429005,FT505-0029
20429007,FT505-0026
20429009,FT501-0028
20429011,FT501-0027
#N/A,FT008-0026
20429013,FT520-0029
20429015,FT520-0026
20429017,FT520-0027
20429019,FT520-0025
#N/A,FT008-0025
#N/A,FT008-0029
#N/A,FT008-0028
#N/A,FT008-0027
20429021,FT520-0028
20429023,FT523-0026
#N/A,FT522-0027
20429025,FT504-0025
20429026,FT504-0029
20429027,FT504-0026
#N/A,FT522-0028
20429028,FT509-0026
20429029,FT509-0029
20429030,FT504-0027
20429031,FT504-0028
20429032,FT509-0025
20429033,FT509-0028
20429034,FT509-0027
20429035,FT510-0029
20429036,FT510-0026
20429037,FT510-0027
20429038,FT510-0025
20429039,FT510-0028
20429040,FT501-0026
20429041,FT501-0029
20429042,FT501-0025
20429043,FT506-0028
20429044,FT502-0026
20429045,FT506-0027
20429046,FT503-0025
20429047,FT503-0029
20429048,FT503-0026
20429049,FT502-0028
20429050,FT502-0027
20429051,FT502-0025
20429052,FT502-0029
20429053,FT503-0027
20429054,FT503-0028
20429055,FT512-0026
20428991,FT512-0029
#N/A,FT522-0025
#N/A,FT522-0029
20428992,FT512-0027
20429056,FT512-0025
#N/A,FT522-0026
20429057,FT512-0028
20429058,FT012-0025
20429059,FT012-0027
20429060,FT012-0026
20429061,FT012-0029
20429062,FT012-0028
20429063,FT014-0026
20429064,FT507-0027
20429065,FT507-0028
20429066,FT507-0029
20429067,FT507-0025
20429068,FT084-0026
20429069,FT084-0029
20429070,FT084-0025
20429071,FT084-0027
20429072,FT084-0028
20429095,FT507-0026
20429096,FT300-0028
20429097,FT300-0025
20429098,FT300-0027
20429099,FT300-0026
20429100,FT300-0029
20429101,FT218-0027
20429102,FT218-0028
20429103,FT218-0029
20429104,FT218-0025
20429105,FT218-0026
20429106,FT400-0029
20429107,FT400-0025
20429108,FT400-0027
20429109,FT400-0028
20429110,FT523-0025
20429111,FT523-0027
20429112,FT523-0028
20429113,FT400-0026
20429114,FT523-0029
20429115,FT219-0028
20429116,FT220-0026
20429117,FT219-0025
20429118,FT219-0027
20429119,FT220-0029
20429120,FT220-0025
20429121,FT219-0029
20429122,FT219-0026
20429123,FT520GR-0028
20429124,FT520GR-0027
20429125,FT522GR-0027
20429126,FT522GR-0028
#N/A,FT522OR-0026
#N/A,FT522OR-0029
#N/A,FT522OR-0025
20429127,FT220-0027
20429128,FT522GR-0026
20429129,FT220-0028
20429130,FT522GR-0025
20429131,FT522GR-0029
20429132,FT522RD-0029
20429133,FT522RD-0025
20429134,FT522BL-0028
20429135,FT522RD-0026
20429136,FT522BL-0027
#N/A,FT522BL-0025
20429137,FT522BL-0029
20429138,FT522BL-0026
#N/A,FT522OR-0028
#N/A,FT522OR-0027
20429139,FT523BL-0026
20429140,FT523BL-0029
20429141,FT523BL-0025
20429142,FT522PU-0025
20429143,FT522PU-0029
20429144,FT522PU-0028
20429145,FT522PU-0027
20429146,FT522RD-0027
20429147,FT522PU-0026
20429148,FT522RD-0028
20429149,FT011-0028
20429150,FT011-0027
20429151,FT011-0025
20429152,FT011-0029
20429153,FT011-0026
20429154,FT014-0028
20429155,FT014-0027
20429156,FT014-0025
20429157,FT014-0029
20447188,FT523BK-0026
20447189,FT523BK-0029
20429158,FT523RD-0027
20429159,FT523RD-0028
#N/A,FT523RD-0029
20429160,FT523RD-0025
20429161,FT523RD-0026
20447190,FT523BK-0025
20429162,FT523GR-0025
20429163,FT523GR-0027
20429164,FT523GR-0028
20429165,FT523BL-0027
20429166,FT523BL-0028
20429167,FT523GR-0026
20429168,FT523GR-0029
20429169,FT005-0028
20429170,FT006-0026
20429171,FT005-0027
20429172,FT006-0027
20429173,FT006-0028
20429174,FT006-0029
20429175,FT006-0025
20429176,FT004-0025
20429177,FT004-0026
20429178,FT004-0029
20447191,FT523BK-0027
20447192,FT523BK-0028
20429179,FT523PU-0026
20429180,FT523PU-0029
20429181,FT523PU-0025
20429182,FT523PU-0027
20429183,FT523PU-0028
20429184,FT005-0026
20429185,FT005-0029
20429186,FT005-0025
20429187,FT506-0025
20429203,FT506-0029
20429204,FT506-0026
20429205,FT508-0028
20429206,FT508-0027
20429207,FT508-0025
20429208,FT508-0029
20429209,FT508-0026
20429210,FT007-0028
20429211,FT007-0027
20429212,FT007-0025
20429213,FT007-0029
20429214,FT002-0027
