AC-AZ002BN,ANZI1252
AC-AZ002,ANZI1252
AC-AZ006,ANZI1256
AC-AZ006BN,ANZI1256
AC-AZ003,ANZI1253
AC-AZ003BN,ANZI1253
AC-AZ004,ANZI1254
AC-AZ004BN,ANZI1254
AC-AZ008BN,ANZI1652
AC-AZ008,ANZI1652
AC-AZ000BN,ANZI1250
AC-AZ000,ANZI1250
AC-AZ001BN,ANZI1251
AC-AZ001,ANZI1251
AC-AZ007,ANZI1257
AC-AZ007BN,ANZI1257
AC-AZ010,ANZI1654
AC-AZ010BN,ANZI1654
AC-AZ005,ANZI1255
AC-AZ005BN,ANZI1255
AC-AZ009,ANZI1653
AC-AZ009BN,ANZI1653
FT-AZ082,ANZI1530
FT-AZ511,ANZI1183
FT-AZ521,ANZI1049
FT-AZ217,ANZI1359
FT-AZ003,ANZI1488
FT-AZ010,ANZI1495
FT-AZ013,ANZI1498
FT-AZ009,ANZI1494
FT-AZ011,ANZI1496
FT-AZ014,ANZI1499
FT-AZ012,ANZI1497
FT-AZ507,ANZI1179
FT-AZ084,ANZI1531
FT-AZ068,ANZI1500
FT-AZ300,ANZI1535
FT-AZ218,ANZI1359
FT-AZ400,ANZI1537
FT-AZ523,ANZI1063
FT-AZ520,ANZI1048
FT-AZ008,ANZI1493
FT-AZ505,ANZI1543
FT-AZ501,ANZI1539
FT-AZ510,ANZI1182
FT-AZ509,ANZI1181
FT-AZ504,ANZI1542
FT-AZ522,ANZI1050
FT-AZ512,ANZI1184
FT-AZ503,ANZI1541
FT-AZ502,ANZI1540
FT-AZ506,ANZI1178
FT-AZ508,ANZI1180
FT-AZ007,ANZI1492
FT-AZ002,ANZI1487
FT-AZ004,ANZI1489
FT-AZ006,ANZI1491
FT-AZ005,ANZI1490
FT-AZ523-PU,ANZI1063
FT-AZ523-BK,ANZI1063
FT-AZ523-RD,ANZI1063
FT-AZ523-GR,ANZI1063
FT-AZ523-BL,ANZI1063
FT-AZ522-PU,ANZI1050
FT-AZ522-RD,ANZI1050
FT-AZ522-BL,ANZI1050
FT-AZ522-OR,ANZI1050
FT-AZ522-GR,ANZI1050
FT-AZ220,ANZI1359
FT-AZ219,ANZI1359
FT-AZ520-GR,ANZI1048
FT-AZ521-BL,ANZI1049
FT-AZ521-GR,ANZI1049
FT-AZ521-BK,ANZI1049
FT-AZ521-OR,ANZI1049
FT-AZ520-BK,ANZI1048
FT-AZ520-OR,ANZI1048
FT-AZ520-RD,ANZI1048
FT-AZ520-PU,ANZI1048
FT-AZ521-PU,ANZI1049
FS-AZ0028CH,ANZI1040
FS-AZ0027CH,ANZI1039
FS-AZ0025CH,ANZI1037
FS-AZ0029CH,ANZI1041
FS-AZ0026CH,ANZI1038
KF-AZ032,ANZI1054
KF-AZ032BN,ANZI1054
KF-AZ032ORB,ANZI1054
KF-AZ042,ANZI1436
KF-AZ130,ANZI1469
KF-AZ041,ANZI1436
KF-AZ044,ANZI1469
KF-AZ040,ANZI1435
KF-AZ095,ANZI1435
KF-AZ102,ANZI1281
KF-AZ034,ANZI1432
KF-AZ034BN,ANZI1432
KF-AZ035BN,ANZI1433
KF-AZ035,ANZI1433
KF-AZ035ORB,ANZI1433
KF-AZ031,ANZI1053
KF-AZ031BN,ANZI1053
KF-AZ031ORB,ANZI1053
KF-AZ037,ANZI1434
KF-AZ108,ANZI1434
L-AZ014,ANZI1141
L-AZ003ORB,ANZI1470
L-AZ018,ANZI1631
L-AZ006,ANZI1580
L-AZ014BN,ANZI1141
L-AZ014ORB,ANZI1141
L-AZ006ORB,ANZI1580
L-AZ003BN,ANZI1470
L-AZ003,ANZI1470
L-AZ006BN,ANZI1580
KF-AZ151,ANZI1643
L-AZ033,ANZI1643
L-AZ015,ANZI1142
L-AZ007,ANZI1581
L-AZ004BN,ANZI1516
L-AZ004,ANZI1516
L-AZ007BN,ANZI1581
L-AZ015BN,ANZI1142
L-AZ015ORB,ANZI1142
L-AZ024BN,ANZI1640
L-AZ024,ANZI1640
L-AZ007ORB,ANZI1581
L-AZ039,ANZI1646
L-AZ037,ANZI1645
KF-AZ127,ANZI1646
L-AZ035,ANZI1644
L-AZ074,ANZI1645
L-AZ082,ANZI1644
L-AZ040,ANZI1647
L-AZ041,ANZI1647
L-AZ030,ANZI1642
L-AZ030ORB,ANZI1642
L-AZ030BN,ANZI1642
L-AZ097BN,ANZI1341
L-AZ097,ANZI1341
L-AZ096BN,ANZI1340
L-AZ096,ANZI1340
L-AZ095BN,ANZI1339
L-AZ095,ANZI1339
L-AZ011ORB,ANZI1583
L-AZ021BN,ANZI1144
L-AZ019,ANZI1143
L-AZ013ORB,ANZI1140
L-AZ013BN,ANZI1140
L-AZ013,ANZI1140
L-AZ012ORB,ANZI1584
L-AZ012BN,ANZI1584
L-AZ012,ANZI1584
L-AZ011BN,ANZI1583
L-AZ009,ANZI1582
L-AZ009BN,ANZI1582
L-AZ009ORB,ANZI1582
L-AZ011,ANZI1583
L-AZ021,ANZI1144
L-AZ019ORB,ANZI1143
L-AZ019BN,ANZI1143
L-AZ017,ANZI1630
L-AZ022,ANZI1632
L-AZ023,ANZI1633
FR-AZ975,ANZI1161
FR-AZ273,ANZI1151
FR-AZ473,ANZI1156
FR-AZ573,ANZI1157
FR-AZ376,ANZI1155
FR-AZ275,ANZI1153
FR-AZ375,ANZI1154
FR-AZ074,ANZI1103
FR-AZ174,ANZI1104
FR-AZ801,ANZI1159
FR-AZ274,ANZI1152
FR-AZ574,ANZI1158
FR-AZ073,ANZI1102
FR-AZ810,ANZI1160
SP-AZ015,ANZI1190
SP-AZ013,ANZI1189
SP-AZ018,ANZI1192
SP-AZ021,ANZI1193
SP-AZ022,ANZI1249
SP-AZ016,ANZI1191
SP-AZ012,ANZI1188
SH-AZ042,ANZI1187
SH-AZ030,ANZI1118
SH-AZ041,ANZI1186
SH-AZ040,ANZI1185
SH-AZ039,ANZI1576
SH-AZ034,ANZI1575
SH-AZ033,ANZI1575
SH-AZ035,ANZI1575
SH-AZ038,ANZI1576
SH-AZ037,ANZI1576
SH-AZ032,ANZI1119
SH-AZ036,ANZI1120
L-AZ026BN,ANZI1641
L-AZ026,ANZI1641
SH-AZ013,ANZI1117
K-AZ2318-1A,ANZI1502
K-AZ3320-1A,ANZI1460
K-AZ3620-1A,ANZI1547
K-AZ3219-1A,ANZI1378
K-AZ3018-1A,ANZI1545
K-AZ3220-3B,ANZI1017
K-AZ3620-3A,ANZI1548
K-AZ3320-4A,ANZI1503
K-AZ3218-2B,ANZI1106
K-AZ3219-2A,ANZI1379
LS-AZ087,ANZI1024
LS-AZ065,ANZI1556
LS-AZ027,ANZI1505
LS-AZ061,ANZI1510
LS-AZ055,ANZI1384
LS-AZ080,ANZI1290
LS-AZ056,ANZI1018
LS-AZ030,ANZI1550
LS-AZ081,ANZI1292
LS-AZ059,ANZI1066
LS-AZ060,ANZI1068
LS-AZ057,ANZI1020
LS-AZ058,ANZI1064
LS-AZ063,ANZI1511
LS-AZ064,ANZI1512
LS-AZ043,ANZI1107
LS-AZ044,ANZI1109
LS-AZ041,ANZI1553
LS-AZ042,ANZI1554
LS-AZ029,ANZI1507
LS-AZ040,ANZI1551
LS-AZ079,ANZI1288
LS-AZ086,ANZI1022
LS-AZ045,ANZI1282
LS-AZ085,ANZI1600
LS-AZ046,ANZI1284
LS-AZ047,ANZI1286
LS-AZ048,ANZI1593
LS-AZ049,ANZI1595
LS-AZ074,ANZI1560
LS-AZ050,ANZI1596
LS-AZ051,ANZI1634
LS-AZ075,ANZI1111
LS-AZ076,ANZI1113
LS-AZ052,ANZI1636
LS-AZ053,ANZI1380
LS-AZ083,ANZI1598
LS-AZ054,ANZI1382
LS-AZ077,ANZI1245
LS-AZ078,ANZI1247
FT002-0025,ANZI1212
FT007-0026,ANZI1271
FT002-0028,ANZI1215
FT004-0028,ANZI1225
FT004-0027,ANZI1224
FT002-0029,ANZI1216
FT002-0026,ANZI1213
FT511-0026,ANZI1238
FT511-0029,ANZI1241
FT511-0025,ANZI1237
FT511-0027,ANZI1239
FT511-0028,ANZI1240
FT521-0025,ANZI1329
FT217-0029,ANZI1358
FT217-0025,ANZI1664
FT003-0028,ANZI1220
FT217-0026,ANZI1665
FT521-0026,ANZI1330
FT521-0029,ANZI1333
FT217-0027,ANZI1356
FT217-0028,ANZI1357
FT521-0028,ANZI1332
FT003-0029,ANZI1221
FT003-0025,ANZI1217
FT003-0027,ANZI1219
FT010-0025,ANZI1320
FT010-0027,ANZI1322
FT010-0028,ANZI1323
FT003-0026,ANZI1218
FT013-0028,ANZI1371
FT010-0026,ANZI1321
FT010-0029,ANZI1324
FT013-0025,ANZI1368
FT013-0027,ANZI1370
FT013-0026,ANZI1369
FT013-0029,ANZI1372
FT009-0028,ANZI1318
FT009-0025,ANZI1315
FT009-0027,ANZI1317
FT009-0026,ANZI1316
FT009-0029,ANZI1319
FT520PU-0029,ANZI1258
FT520PU-0025,ANZI1259
FT520PU-0026,ANZI1602
FT521GR-0028,ANZI1332
FT521GR-0027,ANZI1331
FT521BL-0027,ANZI1331
FT521BL-0025,ANZI1329
FT521BL-0029,ANZI1333
FT521BL-0026,ANZI1330
FT520GR-0025,ANZI1259
FT520GR-0029,ANZI1258
FT520GR-0026,ANZI1602
FT521BL-0028,ANZI1332
FT521OR-0027,ANZI1331
FT521BK-0026,ANZI1330
FT521OR-0028,ANZI1332
FT521BK-0025,ANZI1329
FT521BK-0029,ANZI1333
FT521BK-0028,ANZI1332
FT521BK-0027,ANZI1331
FT521GR-0029,ANZI1333
FT521GR-0026,ANZI1330
FT521GR-0025,ANZI1329
FT520BK-0029,ANZI1258
FT520BK-0026,ANZI1602
FT520OR-0028,ANZI1604
FT520OR-0027,ANZI1603
FT521OR-0025,ANZI1329
FT521OR-0029,ANZI1333
FT521OR-0026,ANZI1330
FT520BK-0028,ANZI1604
FT520BK-0027,ANZI1603
FT520BK-0025,ANZI1259
FT520PU-0027,ANZI1603
FT520RD-0026,ANZI1602
FT520PU-0028,ANZI1604
FT520OR-0029,ANZI1258
FT520OR-0026,ANZI1602
FT520OR-0025,ANZI1259
FT520RD-0025,ANZI1259
FT520RD-0028,ANZI1604
FT520RD-0027,ANZI1603
FT082-0027,ANZI1009
FT082-0028,ANZI1010
FT082-0026,ANZI1008
FT082-0025,ANZI1007
FT082-0029,ANZI1011
LSAZ048-097,ANZI1621
LSAZ087-096B,ANZI1650
LSAZ059-022,ANZI1067
LSAZ048-041,ANZI1304
LSAZ027-097,ANZI1030
LSAZ059-096B,ANZI1655
LSAZ048-097B,ANZI1621
LSAZ059-097,ANZI1656
LSAZ059-096,ANZI1655
LSAZ027-095B,ANZI1028
LSAZ086-097,ANZI1211
LSAZ086-095,ANZI1150
LSAZ027-095,ANZI1028
LSAZ059-095,ANZI1629
LSAZ048-095,ANZI1305
LSAZ087-040,ANZI1648
LSAZ087-096,ANZI1650
LSAZ086-096,ANZI1210
LSAZ086-096B,ANZI1210
LSAZ048-096B,ANZI1620
LSAZ027-096,ANZI1029
LSAZ048-096,ANZI1620
LSAZ027-096B,ANZI1029
LSAZ087-097B,ANZI1651
LSAZ086-041,ANZI1149
LSAZ059-041,ANZI1628
LSAZ059-097B,ANZI1656
LSAZ086-097B,ANZI1211
LSAZ027-097B,ANZI1030
LSAZ027-040,ANZI1027
LSAZ059-040,ANZI1628
LSAZ086-040,ANZI1149
LSAZ087-097,ANZI1651
LSAZ048-095B,ANZI1305
LSAZ086-095B,ANZI1150
LSAZ059-095B,ANZI1629
FT521-0027,ANZI1331
FT068-0028,ANZI1005
FT068-0027,ANZI1004
FT068-0025,ANZI1002
FT068-0029,ANZI1006
FT068-0026,ANZI1003
FT520RD-0029,ANZI1258
FT521PU-0028,ANZI1332
FT521PU-0027,ANZI1331
FT521PU-0025,ANZI1329
FT521PU-0029,ANZI1333
FT521PU-0026,ANZI1330
LSAZ066-095,ANZI1396
LSAZ087-095B,ANZI1649
LSAZ087-095,ANZI1649
LSAZ066-095B,ANZI1396
LSAZ087-041,ANZI1648
LSAZ027-041,ANZI1027
LSAZ087-022,ANZI1025
LSAZ027-022,ANZI1506
LSAZ086-022,ANZI1023
LSAZ048-040,ANZI1304
LSAZ048-022,ANZI1594
LS-AZ066,ANZI1558
LS-AZ602,ANZI1084
LS-AZ607,ANZI1405
LS-AZ608,ANZI1115
LS-AZ606a,ANZI1404
TW-AZ018-BN,ANZI1614
TW-AZ018-CH,ANZI1614
TW-AZ026-BN,ANZI1662
TW-AZ026-CH,ANZI1662
TW-AZ027-BN,ANZI1663
TW-AZ027-CH,ANZI1663
TW-AZ012CH,ANZI1613
TW-AZ025BN,ANZI1661
TW-AZ025CH,ANZI1661
TW-AZ023BN,ANZI1615
TW-AZ023CH,ANZI1615
TW-AZ012BN,ANZI1613
FT-AZ419,ANZI1538
FT-AZ902a,ANZI1243
FT-AZ302,ANZI1536
FT-AZ902b,ANZI1244
FS-AZ0028BN,ANZI1040
FS-AZ0027BN,ANZI1039
FS-AZ0025BN,ANZI1037
FS-AZ0029BN,ANZI1041
FS-AZ0026BN,ANZI1038
LS-AZ136,ANZI1026
LS-AZ138,ANZI1069
LS-AZ227,ANZI1083
LS-AZ152,ANZI1076
LS-AZ175,ANZI1079
LS-AZ204,ANZI1080
LS-AZ149,ANZI1074
LS-AZ224,ANZI1081
LS-AZ151,ANZI1075
LS-AZ225,ANZI1082
LS-AZ147,ANZI1072
LS-AZ148,ANZI1073
LS-AZ140,ANZI1070
LS-AZ159,ANZI1077
LS-AZ144,ANZI1071
LS-AZ160,ANZI1078
FT-AZ104,ANZI1532
FT-AZ105,ANZI1533
FT-AZ106,ANZI1534
K-AZ3320-4C,ANZI1504
K-AZ3620-4C,ANZI1549
LSAZ602-040,ANZI1031
LSAZ602-041,ANZI1031
LSAZ602-097B,ANZI1034
LSAZ602-097,ANZI1034
LSAZ602-022,ANZI1402
LSAZ602-096B,ANZI1033
LSAZ602-096,ANZI1033
LSAZ602-095B,ANZI1032
LSAZ602-095,ANZI1032
LSAZ607-040,ANZI1413
LSAZ607-041,ANZI1413
LSAZ607-097B,ANZI1416
LSAZ607-097,ANZI1416
LSAZ607-022,ANZI1406
LSAZ607-096B,ANZI1415
LSAZ607-096,ANZI1415
LSAZ607-095B,ANZI1414
LSAZ607-095,ANZI1414
LSAZ608-040,ANZI1417
LSAZ608-041,ANZI1417
LSAZ608-097B,ANZI1420
LSAZ608-097,ANZI1420
LSAZ608-022,ANZI1116
LSAZ608-096B,ANZI1419
LSAZ608-096,ANZI1419
LSAZ608-095B,ANZI1418
LSAZ608-095,ANZI1418
LSAZ065-040,ANZI1355
LSAZ065-041,ANZI1355
LSAZ065-097B,ANZI1394
LSAZ065-097,ANZI1394
LSAZ065-022,ANZI1557
LSAZ065-096B,ANZI1393
LSAZ065-096,ANZI1393
LSAZ065-095B,ANZI1392
LSAZ065-095,ANZI1392
LSAZ606-040,ANZI1035
LSAZ606-041,ANZI1035
LSAZ606-097B,ANZI1412
LSAZ606-097,ANZI1412
LSAZ606-022,ANZI1403
LSAZ606-096B,ANZI1411
LSAZ606-096,ANZI1411
LSAZ606-095B,ANZI1036
LSAZ606-095,ANZI1036
LSAZ055-040,ANZI1409
LSAZ055-041,ANZI1409
LSAZ055-097B,ANZI1194
LSAZ055-097,ANZI1194
LSAZ055-022,ANZI1385
LSAZ055-096B,ANZI1135
LSAZ055-096,ANZI1135
LSAZ055-095B,ANZI1410
LSAZ055-095,ANZI1410
LSAZ056-040,ANZI1195
LSAZ056-041,ANZI1195
LSAZ056-097B,ANZI1198
LSAZ056-097,ANZI1198
LSAZ056-022,ANZI1019
LSAZ056-096B,ANZI1197
LSAZ056-096,ANZI1197
LSAZ056-095B,ANZI1196
LSAZ056-095,ANZI1196
LSAZ085-040,ANZI1145
LSAZ085-041,ANZI1145
LSAZ085-097B,ANZI1148
LSAZ085-097,ANZI1148
LSAZ085-022,ANZI1601
LSAZ085-096B,ANZI1147
LSAZ085-096,ANZI1147
LSAZ085-095B,ANZI1146
LSAZ085-095,ANZI1146
LSAZ060-040,ANZI1657
LSAZ060-041,ANZI1657
LSAZ060-097B,ANZI1660
LSAZ060-097,ANZI1660
LSAZ060-022,ANZI1509
LSAZ060-096B,ANZI1659
LSAZ060-096,ANZI1659
LSAZ060-095B,ANZI1658
LSAZ060-095,ANZI1658
LSAZ057-040,ANZI1199
LSAZ057-041,ANZI1199
LSAZ057-097B,ANZI1307
LSAZ057-097,ANZI1307
LSAZ057-022,ANZI1021
LSAZ057-096B,ANZI1306
LSAZ057-096,ANZI1306
LSAZ057-095B,ANZI1200
LSAZ057-095,ANZI1200
LSAZ058-040,ANZI1308
LSAZ058-041,ANZI1308
LSAZ058-097B,ANZI1612
LSAZ058-097,ANZI1612
LSAZ058-022,ANZI1065
LSAZ058-096B,ANZI1310
LSAZ058-096,ANZI1310
LSAZ058-095B,ANZI1309
LSAZ058-095,ANZI1309
LSAZ064-040,ANZI1514
LSAZ064-041,ANZI1515
LSAZ064-097B,ANZI1354
LSAZ064-097,ANZI1354
LSAZ064-022,ANZI1513
LSAZ064-096B,ANZI1353
LSAZ064-096,ANZI1353
LSAZ064-095B,ANZI1352
LSAZ064-095,ANZI1352
LSAZ043-040,ANZI1570
LSAZ043-041,ANZI1570
LSAZ043-097B,ANZI1573
LSAZ043-097,ANZI1573
LSAZ043-022,ANZI1108
LSAZ043-096B,ANZI1572
LSAZ043-096,ANZI1572
LSAZ043-095B,ANZI1571
LSAZ043-095,ANZI1571
LSAZ044-040,ANZI1574
LSAZ044-041,ANZI1574
LSAZ044-097B,ANZI1128
LSAZ044-097,ANZI1128
LSAZ044-022,ANZI1110
LSAZ044-096B,ANZI1127
LSAZ044-096,ANZI1127
LSAZ044-095B,ANZI1126
LSAZ044-095,ANZI1126
LSAZ042-040,ANZI1566
LSAZ042-041,ANZI1566
LSAZ042-097B,ANZI1569
LSAZ042-097,ANZI1569
LSAZ042-022,ANZI1555
LSAZ042-096B,ANZI1568
LSAZ042-096,ANZI1568
LSAZ042-095B,ANZI1567
LSAZ042-095,ANZI1567
LSAZ029-040,ANZI1089
LSAZ029-041,ANZI1089
LSAZ029-097B,ANZI1092
LSAZ029-097,ANZI1092
LSAZ029-022,ANZI1508
LSAZ029-096B,ANZI1091
LSAZ029-096,ANZI1091
LSAZ029-095B,ANZI1090
LSAZ029-095,ANZI1090
LSAZ040-040,ANZI1093
LSAZ040-041,ANZI1093
LSAZ040-097B,ANZI1096
LSAZ040-097,ANZI1096
LSAZ040-022,ANZI1552
LSAZ040-096B,ANZI1095
LSAZ040-096,ANZI1095
LSAZ040-095B,ANZI1094
LSAZ040-095,ANZI1094
LSAZ074-040,ANZI1045
LSAZ074-041,ANZI1045
LSAZ074-097B,ANZI1055
LSAZ074-097,ANZI1055
LSAZ074-022,ANZI1561
LSAZ074-096B,ANZI1047
LSAZ074-096,ANZI1047
LSAZ074-095B,ANZI1046
LSAZ074-095,ANZI1046
LSAZ075-040,ANZI1056
LSAZ075-041,ANZI1056
LSAZ075-097B,ANZI1059
LSAZ075-097,ANZI1059
LSAZ075-022,ANZI1112
LSAZ075-096B,ANZI1058
LSAZ075-096,ANZI1058
LSAZ075-095B,ANZI1057
LSAZ075-095,ANZI1057
LSAZ045-040,ANZI1129
LSAZ045-041,ANZI1129
LSAZ045-097B,ANZI1132
LSAZ045-097,ANZI1132
LSAZ045-022,ANZI1283
LSAZ045-096B,ANZI1131
LSAZ045-096,ANZI1131
LSAZ045-095B,ANZI1130
LSAZ045-095,ANZI1130
LSAZ076-040,ANZI1060
LSAZ076-041,ANZI1060
LSAZ076-097B,ANZI1437
LSAZ076-097,ANZI1437
LSAZ076-022,ANZI1114
LSAZ076-096B,ANZI1062
LSAZ076-096,ANZI1062
LSAZ076-095B,ANZI1061
LSAZ076-095,ANZI1061
LSAZ046-040,ANZI1133
LSAZ046-041,ANZI1133
LSAZ046-097B,ANZI1299
LSAZ046-097,ANZI1299
LSAZ046-022,ANZI1285
LSAZ046-096B,ANZI1298
LSAZ046-096,ANZI1298
LSAZ046-095B,ANZI1134
LSAZ046-095,ANZI1134
LSAZ047-040,ANZI1300
LSAZ047-041,ANZI1300
LSAZ047-097B,ANZI1303
LSAZ047-097,ANZI1303
LSAZ047-022,ANZI1287
LSAZ047-096B,ANZI1302
LSAZ047-096,ANZI1302
LSAZ047-095B,ANZI1301
LSAZ047-095,ANZI1301
LSAZ080-040,ANZI1522
LSAZ080-041,ANZI1522
LSAZ080-097B,ANZI1525
LSAZ080-097,ANZI1525
LSAZ080-022,ANZI1291
LSAZ080-096B,ANZI1524
LSAZ080-096,ANZI1524
LSAZ080-095B,ANZI1523
LSAZ080-095,ANZI1523
LSAZ050-040,ANZI1622
LSAZ050-041,ANZI1622
LSAZ050-097B,ANZI1625
LSAZ050-097,ANZI1625
LSAZ050-022,ANZI1597
LSAZ050-096B,ANZI1624
LSAZ050-096,ANZI1624
LSAZ050-095B,ANZI1623
LSAZ050-095,ANZI1623
LSAZ051-040,ANZI1626
LSAZ051-041,ANZI1626
LSAZ051-097B,ANZI1346
LSAZ051-097,ANZI1346
LSAZ051-022,ANZI1635
LSAZ051-096B,ANZI1345
LSAZ051-096,ANZI1345
LSAZ051-095B,ANZI1627
LSAZ051-095,ANZI1627
LSAZ081-040,ANZI1585
LSAZ081-041,ANZI1585
LSAZ081-097B,ANZI1588
LSAZ081-097,ANZI1588
LSAZ081-022,ANZI1293
LSAZ081-096B,ANZI1587
LSAZ081-096,ANZI1587
LSAZ081-095B,ANZI1586
LSAZ081-095,ANZI1586
LSAZ083-040,ANZI1589
LSAZ083-041,ANZI1589
LSAZ083-097B,ANZI1592
LSAZ083-097,ANZI1592
LSAZ083-022,ANZI1599
LSAZ083-096B,ANZI1591
LSAZ083-096,ANZI1591
LSAZ083-095B,ANZI1590
LSAZ083-095,ANZI1590
LSAZ052-040,ANZI1347
LSAZ052-041,ANZI1347
LSAZ052-097B,ANZI1350
LSAZ052-097,ANZI1350
LSAZ052-022,ANZI1637
LSAZ052-096B,ANZI1349
LSAZ052-096,ANZI1349
LSAZ052-095B,ANZI1348
LSAZ052-095,ANZI1348
LSAZ053-040,ANZI1351
LSAZ053-041,ANZI1351
LSAZ053-097B,ANZI1099
LSAZ053-097,ANZI1099
LSAZ053-022,ANZI1381
LSAZ053-096B,ANZI1098
LSAZ053-096,ANZI1098
LSAZ053-095B,ANZI1097
LSAZ053-095,ANZI1097
LSAZ077-040,ANZI1438
LSAZ077-041,ANZI1438
LSAZ077-097B,ANZI1441
LSAZ077-097,ANZI1441
LSAZ077-022,ANZI1246
LSAZ077-096B,ANZI1440
LSAZ077-096,ANZI1440
LSAZ077-095B,ANZI1439
LSAZ077-095,ANZI1439
LSAZ054-040,ANZI1100
LSAZ054-041,ANZI1100
LSAZ054-097B,ANZI1408
LSAZ054-097,ANZI1408
LSAZ054-022,ANZI1383
LSAZ054-096B,ANZI1407
LSAZ054-096,ANZI1407
LSAZ054-095B,ANZI1101
LSAZ054-095,ANZI1101
LSAZ078-040,ANZI1442
LSAZ078-041,ANZI1442
LSAZ078-097B,ANZI1517
LSAZ078-097,ANZI1517
LSAZ078-022,ANZI1248
LSAZ078-096B,ANZI1462
LSAZ078-096,ANZI1462
LSAZ078-095B,ANZI1461
LSAZ078-095,ANZI1461
LSAZ079-040,ANZI1518
LSAZ079-041,ANZI1518
LSAZ079-097B,ANZI1521
LSAZ079-097,ANZI1521
LSAZ079-022,ANZI1289
LSAZ079-096B,ANZI1520
LSAZ079-096,ANZI1520
LSAZ079-095B,ANZI1519
LSAZ079-095,ANZI1519
LSAZ066-040,ANZI1395
LSAZ066-041,ANZI1395
LSAZ066-097B,ANZI1398
LSAZ066-097,ANZI1398
LSAZ066-022,ANZI1559
LSAZ066-096B,ANZI1397
LSAZ066-096,ANZI1397
KAZ2318-040,ANZI1209
KAZ2318-095,ANZI1209
KAZ2318-042,ANZI1294
KAZ2318-130,ANZI1616
KAZ2318-041,ANZI1294
KAZ2318-044,ANZI1616
KAZ2318-031,ANZI1121
KAZ2318-031B,ANZI1121
KAZ2318-031O,ANZI1121
KAZ2318-102,ANZI1501
KAZ2318-034,ANZI1206
KAZ2318-034B,ANZI1206
KAZ2318-032B,ANZI1122
KAZ2318-037,ANZI1208
KAZ2318-035B,ANZI1207
KAZ2318-035,ANZI1207
KAZ2318-108,ANZI1208
KAZ2318-035O,ANZI1207
KAZ2318-032,ANZI1122
KAZ2318-032O,ANZI1122
KAZ3219-040,ANZI1611
KAZ3219-095,ANZI1611
KAZ3219-042,ANZI1139
KAZ3219-130,ANZI1610
KAZ3219-041,ANZI1139
KAZ3219-044,ANZI1610
KAZ3219-031,ANZI1577
KAZ3219-031B,ANZI1577
KAZ3219-031O,ANZI1577
KAZ3219-102,ANZI1377
KAZ3219-034,ANZI1579
KAZ3219-034B,ANZI1579
KAZ3219-032B,ANZI1578
KAZ3219-037,ANZI1638
KAZ3219-035B,ANZI1138
KAZ3219-035,ANZI1138
KAZ3219-108,ANZI1638
KAZ3219-035O,ANZI1328
KAZ3219-032,ANZI1578
KAZ3219-032O,ANZI1578
KAZ3620-040,ANZI1344
KAZ3620-095,ANZI1344
KAZ3620-042,ANZI1390
KAZ3620-130,ANZI1391
KAZ3620-041,ANZI1390
KAZ3620-044,ANZI1391
KAZ3620-031,ANZI1618
KAZ3620-031B,ANZI1618
KAZ3620-031O,ANZI1618
KAZ3620-102,ANZI1546
KAZ3620-034,ANZI1669
KAZ3620-034B,ANZI1669
KAZ3620-032B,ANZI1619
KAZ3620-037,ANZI1343
KAZ3620-035B,ANZI1342
KAZ3620-035,ANZI1342
KAZ3620-108,ANZI1343
KAZ3620-035O,ANZI1342
KAZ3620-032,ANZI1619
KAZ3620-032O,ANZI1619
KAZ3320-040,ANZI1295
KAZ3320-095,ANZI1295
KAZ3320-042,ANZI1296
KAZ3320-130,ANZI1297
KAZ3320-041,ANZI1296
KAZ3320-044,ANZI1297
KAZ3320-031,ANZI1564
KAZ3320-031B,ANZI1564
KAZ3320-031O,ANZI1564
KAZ3320-102,ANZI1459
KAZ3320-034,ANZI1123
KAZ3320-034B,ANZI1123
KAZ3320-032B,ANZI1565
KAZ3320-037,ANZI1125
KAZ3320-035B,ANZI1124
KAZ3320-035,ANZI1124
KAZ3320-108,ANZI1125
KAZ3320-035O,ANZI1124
KAZ3320-032,ANZI1565
KAZ3320-032O,ANZI1565
KAZ3218-040,ANZI1466
KAZ3218-095,ANZI1466
KAZ3218-042,ANZI1467
KAZ3218-130,ANZI1468
KAZ3218-041,ANZI1467
KAZ3218-044,ANZI1468
KAZ3218-031,ANZI1051
KAZ3218-031B,ANZI1051
KAZ3218-031O,ANZI1051
KAZ3218-102,ANZI1105
KAZ3218-034,ANZI1429
KAZ3218-034B,ANZI1429
KAZ3218-032B,ANZI1052
KAZ3218-037,ANZI1431
KAZ3218-035B,ANZI1430
KAZ3218-035,ANZI1430
KAZ3218-108,ANZI1431
KAZ3218-035O,ANZI1430
KAZ3218-032,ANZI1052
KAZ3218-032O,ANZI1052
K32192A-040,ANZI1527
K32192A-095,ANZI1527
K32192A-042,ANZI1528
K32192A-130,ANZI1529
K32192A-041,ANZI1528
K32192A-044,ANZI1529
K32192A-031,ANZI1428
K32192A-031B,ANZI1428
K32192A-031O,ANZI1428
K32192A-102,ANZI1280
K32192A-034,ANZI1464
K32192A-034B,ANZI1464
K32192A-032B,ANZI1463
K32192A-037,ANZI1526
K32192A-035B,ANZI1465
K32192A-035,ANZI1465
K32192A-108,ANZI1526
K32192A-035O,ANZI1465
K32192A-032,ANZI1463
K32192A-032O,ANZI1463
KAZ3018-040,ANZI1387
KAZ3018-095,ANZI1387
KAZ3018-042,ANZI1388
KAZ3018-130,ANZI1389
KAZ3018-041,ANZI1388
KAZ3018-044,ANZI1389
KAZ3018-031,ANZI1617
KAZ3018-031B,ANZI1617
KAZ3018-031O,ANZI1617
KAZ3018-102,ANZI1544
KAZ3018-034,ANZI1667
KAZ3018-034B,ANZI1667
KAZ3018-032B,ANZI1666
KAZ3018-037,ANZI1386
KAZ3018-035B,ANZI1668
KAZ3018-035,ANZI1668
KAZ3018-108,ANZI1386
KAZ3018-035O,ANZI1668
KAZ3018-032,ANZI1666
KAZ3018-032O,ANZI1666
KAZ3220-040,ANZI1086
KAZ3220-095,ANZI1086
KAZ3220-042,ANZI1087
KAZ3220-130,ANZI1088
KAZ3220-041,ANZI1087
KAZ3220-044,ANZI1088
KAZ3220-031,ANZI1639
KAZ3220-031B,ANZI1639
KAZ3220-031O,ANZI1639
KAZ3220-102,ANZI1016
KAZ3220-034,ANZI1337
KAZ3220-034B,ANZI1337
KAZ3220-032B,ANZI1336
KAZ3220-037,ANZI1085
KAZ3220-035B,ANZI1338
KAZ3220-035,ANZI1338
KAZ3220-108,ANZI1085
KAZ3220-035O,ANZI1338
KAZ3220-032,ANZI1336
KAZ3220-032O,ANZI1336
K36203A-040,ANZI1427
K36203A-095,ANZI1427
K36203A-042,ANZI1562
K36203A-130,ANZI1563
K36203A-041,ANZI1562
K36203A-044,ANZI1563
K36203A-031,ANZI1335
K36203A-031B,ANZI1335
K36203A-031O,ANZI1335
K36203A-102,ANZI1376
K36203A-034,ANZI1043
K36203A-034B,ANZI1043
K36203A-032B,ANZI1042
K36203A-037,ANZI1426
K36203A-035B,ANZI1044
K36203A-035,ANZI1044
K36203A-108,ANZI1426
K36203A-035O,ANZI1044
K36203A-032,ANZI1042
K36203A-032O,ANZI1042
K33201A-040,ANZI1608
K33201A-095,ANZI1608
K33201A-042,ANZI1609
K33201A-130,ANZI1334
K33201A-041,ANZI1609
K33201A-044,ANZI1334
K33201A-031,ANZI1136
K33201A-031B,ANZI1136
K33201A-031O,ANZI1136
K33201A-102,ANZI1327
K33201A-034,ANZI1605
K33201A-034B,ANZI1605
K33201A-032B,ANZI1137
K33201A-037,ANZI1607
K33201A-035B,ANZI1606
K33201A-035,ANZI1606
K33201A-108,ANZI1607
K33201A-035O,ANZI1606
K33201A-032,ANZI1137
K33201A-032O,ANZI1137
FT505-0028,ANZI1486
FT505-0027,ANZI1485
FT505-0025,ANZI1483
FT505-0029,ANZI1162
FT505-0026,ANZI1484
FT501-0028,ANZI1454
FT501-0027,ANZI1453
FT008-0026,ANZI1311
FT520-0029,ANZI1258
FT520-0026,ANZI1602
FT520-0027,ANZI1603
FT520-0025,ANZI1259
FT008-0025,ANZI1275
FT008-0029,ANZI1314
FT008-0028,ANZI1313
FT008-0027,ANZI1312
FT520-0028,ANZI1604
FT523-0026,ANZI1202
FT522-0027,ANZI1423
FT504-0025,ANZI1478
FT504-0029,ANZI1482
FT504-0026,ANZI1479
FT522-0028,ANZI1424
FT509-0026,ANZI1228
FT509-0029,ANZI1231
FT504-0027,ANZI1480
FT504-0028,ANZI1481
FT509-0025,ANZI1227
FT509-0028,ANZI1230
FT509-0027,ANZI1229
FT510-0029,ANZI1236
FT510-0026,ANZI1233
FT510-0027,ANZI1234
FT510-0025,ANZI1232
FT510-0028,ANZI1235
FT501-0026,ANZI1452
FT501-0029,ANZI1455
FT501-0025,ANZI1451
FT506-0028,ANZI1166
FT502-0026,ANZI1457
FT506-0027,ANZI1165
FT503-0025,ANZI1473
FT503-0029,ANZI1477
FT503-0026,ANZI1474
FT502-0028,ANZI1471
FT502-0027,ANZI1458
FT502-0025,ANZI1456
FT502-0029,ANZI1472
FT503-0027,ANZI1475
FT503-0028,ANZI1476
FT512-0026,ANZI1276
FT512-0029,ANZI1279
FT522-0025,ANZI1421
FT522-0029,ANZI1425
FT512-0027,ANZI1277
FT512-0025,ANZI1242
FT522-0026,ANZI1422
FT512-0028,ANZI1278
FT012-0025,ANZI1363
FT012-0027,ANZI1365
FT012-0026,ANZI1364
FT012-0029,ANZI1367
FT012-0028,ANZI1366
FT014-0026,ANZI1374
FT507-0027,ANZI1170
FT507-0028,ANZI1171
FT507-0029,ANZI1172
FT507-0025,ANZI1168
FT084-0026,ANZI1013
FT084-0029,ANZI1399
FT084-0025,ANZI1012
FT084-0027,ANZI1014
FT084-0028,ANZI1015
FT507-0026,ANZI1169
FT300-0028,ANZI1444
FT300-0025,ANZI1400
FT300-0027,ANZI1443
FT300-0026,ANZI1401
FT300-0029,ANZI1445
FT218-0027,ANZI1356
FT218-0028,ANZI1357
FT218-0029,ANZI1358
FT218-0025,ANZI1664
FT218-0026,ANZI1665
FT400-0029,ANZI1450
FT400-0025,ANZI1446
FT400-0027,ANZI1448
FT400-0028,ANZI1449
FT523-0025,ANZI1201
FT523-0027,ANZI1203
FT523-0028,ANZI1204
FT400-0026,ANZI1447
FT523-0029,ANZI1205
FT219-0028,ANZI1357
FT220-0026,ANZI1665
FT219-0025,ANZI1664
FT219-0027,ANZI1356
FT220-0029,ANZI1358
FT220-0025,ANZI1664
FT219-0029,ANZI1358
FT219-0026,ANZI1665
FT520GR-0028,ANZI1604
FT520GR-0027,ANZI1603
FT522GR-0027,ANZI1423
FT522GR-0028,ANZI1424
FT522OR-0026,ANZI1422
FT522OR-0029,ANZI1425
FT522OR-0025,ANZI1421
FT220-0027,ANZI1356
FT522GR-0026,ANZI1422
FT220-0028,ANZI1357
FT522GR-0025,ANZI1421
FT522GR-0029,ANZI1425
FT522RD-0029,ANZI1425
FT522RD-0025,ANZI1421
FT522BL-0028,ANZI1424
FT522RD-0026,ANZI1422
FT522BL-0027,ANZI1423
FT522BL-0025,ANZI1421
FT522BL-0029,ANZI1425
FT522BL-0026,ANZI1422
FT522OR-0028,ANZI1424
FT522OR-0027,ANZI1423
FT523BL-0026,ANZI1202
FT523BL-0029,ANZI1205
FT523BL-0025,ANZI1201
FT522PU-0025,ANZI1421
FT522PU-0029,ANZI1425
FT522PU-0028,ANZI1424
FT522PU-0027,ANZI1423
FT522RD-0027,ANZI1423
FT522PU-0026,ANZI1422
FT522RD-0028,ANZI1424
FT011-0028,ANZI1361
FT011-0027,ANZI1360
FT011-0025,ANZI1325
FT011-0029,ANZI1362
FT011-0026,ANZI1326
FT014-0028,ANZI1000
FT014-0027,ANZI1375
FT014-0025,ANZI1373
FT014-0029,ANZI1001
FT523BK-0026,ANZI1202
FT523BK-0029,ANZI1205
FT523RD-0027,ANZI1203
FT523RD-0028,ANZI1204
FT523RD-0029,ANZI1205
FT523RD-0025,ANZI1201
FT523RD-0026,ANZI1202
FT523BK-0025,ANZI1201
FT523GR-0025,ANZI1201
FT523GR-0027,ANZI1203
FT523GR-0028,ANZI1204
FT523BL-0027,ANZI1203
FT523BL-0028,ANZI1204
FT523GR-0026,ANZI1202
FT523GR-0029,ANZI1205
FT005-0028,ANZI1263
FT006-0026,ANZI1266
FT005-0027,ANZI1262
FT006-0027,ANZI1267
FT006-0028,ANZI1268
FT006-0029,ANZI1269
FT006-0025,ANZI1265
FT004-0025,ANZI1222
FT004-0026,ANZI1223
FT004-0029,ANZI1226
FT523BK-0027,ANZI1203
FT523BK-0028,ANZI1204
FT523PU-0026,ANZI1202
FT523PU-0029,ANZI1205
FT523PU-0025,ANZI1201
FT523PU-0027,ANZI1203
FT523PU-0028,ANZI1204
FT005-0026,ANZI1261
FT005-0029,ANZI1264
FT005-0025,ANZI1260
FT506-0025,ANZI1163
FT506-0029,ANZI1167
FT506-0026,ANZI1164
FT508-0028,ANZI1176
FT508-0027,ANZI1175
FT508-0025,ANZI1173
FT508-0029,ANZI1177
FT508-0026,ANZI1174
FT007-0028,ANZI1273
FT007-0027,ANZI1272
FT007-0025,ANZI1270
FT007-0029,ANZI1274
FT002-0027,ANZI1214
